video_id,channel,title,views,comment_count,upload_date,topic_tags
rlWXUtDIdCI,Footless Jo,WHY does my prosthetic leg do this…??,1162306,1895,2024-01-11T17:26:52Z,prosthetic leg
1uOjXzclMi0,Footless Jo,Why my prosthetic leg got stuck on me (and WHY I had to ask for help),529835,1018,2023-11-27T15:30:46Z,prosthetic leg
k704C5POyx0,Footless Jo,Brand new prosthetic socket!,1700961,991,2023-10-18T14:47:54Z,socket
Ha5KEFNqIAM,Footless Jo,Make my prosthetic leg cuter??,1803149,896,2024-07-18T15:12:17Z,prosthetic leg
aTf65eUxHq0,Footless Jo,The WORST interaction about my prosthetic leg 😂,339296,714,2023-11-01T14:33:03Z,prosthetic leg
lNAjUDhUiUQ,Footless Jo,Are prosthetic running blades an ADVANTAGE?,749799,566,2023-11-28T16:15:03Z,running
UAR1jrQxkck,Footless Jo,Make my prosthetic leg cuter again?,94787,244,2024-10-11T15:54:42Z,prosthetic leg
yFxLZsLHQCU,Footless Jo,...they mansplaned MY AMPUTATION to me? 😆,1758490,7305,2023-12-18T15:20:33Z,
bbmiRzXPzrw,Footless Jo,My prosthetic BROKE (and got stuck ON me?)!,13238569,4479,2023-11-11T15:30:03Z,
-Cn2MHPE2dU,Footless Jo,I had a stroke - minutes after I hit 1 million subscribers,339247,3795,2024-03-01T19:14:06Z,
G5VlcZz0bc0,Footless Jo,How having a stroke affected my art creation,1809508,3407,2024-06-14T23:13:38Z,
cvq429dRjDA,Footless Jo,No one talks about THIS scary aspect of chronic illness...,894614,3362,2023-12-19T22:03:09Z,
qW2K1C1M-lo,Footless Jo,What having a stroke *actually* felt like,354798,3102,2024-05-17T19:31:19Z,
50cglr7h76I,Footless Jo,This dress doesn't match my prosthetic 😆,856680,2863,2023-11-03T20:14:52Z,
Sr1mpUbJazs,Footless Jo,The “real” story of my new neck scar… 😉,197955,2507,2023-11-15T17:16:53Z,
_xAsrNIRTCA,Crew9t,How to Lengthen a Pylon on a Prosthetic Leg,19854,115,2021-02-01T01:45:07Z,prosthetic leg
tY77ppSM7K0,Crew9t,Assumptions about being an Amputee,7013,85,2020-01-03T18:18:28Z,assumptions
n6hWCkgE8BE,Crew9t,How to Change a Prosthetic Leg Sleeve | BK Amputee,18517,71,2021-01-17T22:51:40Z,prosthetic leg
grxnThUqFZI,Crew9t,How to Carry a Drink with One Leg | Tips to Help in the Kitchen,6738,66,2021-07-18T17:44:10Z,tips
2DMY3xD6DGg,Crew9t,The Truth Will Come Out!,2111,41,2020-11-22T15:15:00Z,truth
2g8p5Y-ts8o,Crew9t,Beauty is Pain | Eyebrow Threading Horror!,1782,31,2020-11-29T17:00:00Z,pain
8awGLGNQ6Io,Crew9t,The Tipsy Saloon,1602,17,2021-07-11T14:30:00Z,tips
U0XJCir8sbQ,Crew9t,Story Time: How I Lost My Leg | Baler Accident,108185,787,2021-10-21T01:19:14Z,
wDtbgoFSSHQ,Crew9t,Interview with Dispatcher Jeff,154467,332,2019-04-16T23:56:19Z,
pZGXP_pCeko,Crew9t,Amputee Residual Limb Hair Removal...Actually Worked!,18752,238,2020-04-13T21:54:17Z,
viWMjCG7PHU,Crew9t,How Does an Amputee Dream?,10056,213,2020-01-12T12:37:45Z,
Vfne4dEA03k,Crew9t,“I Have a Boyfriend”,15464,146,2020-11-15T15:15:01Z,
LhKabVLoj_g,Crew9t,Coworker Accidentally Discovers I'm an Amputee,16560,135,2019-08-19T18:23:48Z,
1lNIu45DVHQ,Crew9t,"""Service Dog"" Incident",2787,133,2020-09-06T13:15:01Z,
I27G6NvDRWs,Crew9t,What’s It Like to Die? | Living after Dying,9920,115,2022-03-11T14:45:00Z,
_0AjoxrvyaE,ampulife.com,Above knee amputee prosthetic socket fit,59914,22,2015-09-06T17:06:17Z,fit|socket
6EEe3MnPvdo,ampulife.com,Above knee amputee running on prosthetic leg,125023,19,2009-11-19T11:32:30Z,prosthetic leg|running
u0XGc0U0f44,ampulife.com,amputee testing VGK (VERY GOOD KNEE) prosthetic leg knee,33602,11,2012-12-10T11:47:06Z,prosthetic leg
p3H65hWPzv8,ampulife.com,Amputee with short transfemoral stump testing prosthetic leg socket,20883,4,2015-09-02T17:51:25Z,prosthetic leg|socket
zVLcvr65NT0,ampulife.com,Amputee gait analysis with above knee prosthetic leg,15945,1,2013-03-18T17:30:49Z,prosthetic leg
HHCPW8DMuqk,ampulife.com,Amputee using VGK (VERY GOOD KNEE) prosthetic knee going down long stairs,7445,1,2012-12-09T18:07:06Z,stairs
8YelquKGgFA,Amputony,Getting Fitted for my New Prosthetic Leg,713,2,2023-08-02T13:00:09Z,fit|prosthetic leg
rZsl1XbHq5Q,Amputony,Amputee Osseointegration | Surgery Explained at HSS with Surgeon Dr. Hoellwarth,1108,7,2025-02-28T23:00:05Z,osseointegration
5C770WKa9_w,Amputony,Osseointegration Recovery for Amputee | 4 Months Post-Surgery Check Up,1609,6,2025-06-20T21:55:51Z,osseointegration
VncRcrxUnuE,Amputony,Osseointegration Surgery | Inside the Operating Room,370,3,2025-03-04T14:00:40Z,osseointegration
SWx7VpgBBOI,Amputony,First Prosthesis Fitting | Post-Surgery 🤯,3634,2,2025-05-26T23:30:31Z,fit
V1MVQTHuRVw,Amputony,Getting Osseointegration as a Below The Knee Amputee Pt. 1,521,2,2025-02-25T17:30:06Z,osseointegration
ki05j5Ux2sE,The Active Amputee,The Active Amputee Podcast (Deutsche Ausgabe): Episode 010 zum Thema Phantomschmerzen,34,0,2024-10-06T22:00:26Z,phantom
Xk6YtIhuUJY,The Active Amputee,Casting a new socket,541,0,2024-08-29T04:47:20Z,socket
rZcKamTy1Eg,The Active Amputee,Fine-tuning a test socket,453,0,2024-08-27T05:52:02Z,socket
ePLozWmbreQ,The Active Amputee,Ottobock Showroom Duderstadt,135,3,2024-08-26T14:15:50Z,
3Jyv6wkzNXE,The Active Amputee,Wandern mit Prothese (Ottobocks Genium X4): Teil 2 - Das Abenteuer beginnt,306,2,2024-10-20T08:30:02Z,
_Rh6sJA-LT0,The Active Amputee,Wandern mit Prothese (Ottobocks Genium X4): Teil 23 - Stumpfpflege und Prothesenteile,742,1,2024-10-27T17:07:34Z,
iG9GbrdbchE,The Active Amputee,The Active Amputee Podcast (Deutsche Ausgabe): Episode 013 mit Yasmin Uygun,95,1,2024-10-01T07:44:53Z,
hGDEysi7y3A,The Active Amputee,Descending from the Ermita de la Espelunga in the Pyrenees,107,1,2024-08-22T05:47:02Z,
VNlXgrMM6cM,The Active Amputee,The Invisible Class - Traveling as an amputee,398,0,2025-09-06T15:48:01Z,
9vVlDGieAgE,The Active Amputee,From riverbanks to campfires - Adjustability makes all the difference,137,0,2025-07-02T20:07:53Z,
oVi36HokrDs,The Active Amputee,Skydiving as an amputee (2025),78,0,2025-06-06T13:02:32Z,
QAyObtkTi5c,The Active Amputee,The Active Amputee Podcast (Deutsche Ausgabe): Episode 026 mit Mairan Veith,67,0,2024-11-21T11:32:54Z,
H5WsLrdf5OU,The Active Amputee,Aktiv nach einer Amputation: Das richtige Mindset und eine gute Prothese machen das möglich,380,0,2024-11-15T07:25:57Z,
XdwJq7CArLo,The Active Amputee,Climbing for ROMP: My personal triathlon - Day 3: Kayaking 15km,46,0,2024-11-07T07:56:12Z,
NPOqr9roU5s,The Active Amputee,Climbing for ROMP: My personal triathlon - Day 2: Hiking 15km with 15kg on my back,53,0,2024-11-07T07:53:38Z,
1E1KHGsO9eg,Tilly Lockey,Me 🤝🏻 integrating fluffy earrings into every outfit 💕🫶🏻😁 #fashion #accessories #styling,37782,63,2025-03-19T17:34:58Z,fit
Knrn9QzCdt8,Tilly Lockey,answering your questions about my arms! part 1 bc YouTube splits them up I’m sorry! #bionic  #grwm,39047,55,2025-01-17T12:55:59Z,questions
qhR5xI9HGZE,Tilly Lockey,😎⛓️‍💥🩷 #spiderverse #costume #gwenstacy #milesmorales #spiderman,26176,49,2024-11-23T14:56:37Z,cost
JPzJhE5C-3I,Tilly Lockey,REFUSE to let the anxiety stop me from wearing cute outfits in public!! ✨🤎🙇‍♀️ #doechii #ootd,26312,46,2025-03-12T14:33:14Z,fit
qB7-EM8guaM,Tilly Lockey,how I went from being the shyest in the room to speaking on stages to thousands - shy girl advice!,4585,44,2024-12-08T14:00:47Z,advice
xMxlekw7fFE,Tilly Lockey,Getting my nails done on my new bionic arms for the first time!!💗#girlhood #nails #bionicnails,19069,43,2026-03-09T18:17:47Z,first time
WNTFnimVk2Q,Tilly Lockey,"Risking it all to do Yoonchae’s iconic move, it’s so satisfying when she does it😩#gnarly  #katseye",61920,39,2025-05-22T17:01:22Z,skin
NNhUB6kEMx8,Tilly Lockey,help me pick my outfit for Sabrina!!!!!! MANNY NIGHT 2!!👯‍♀️💕 #sabrinacarpenter #shortandsweet,12753,37,2025-03-16T17:41:33Z,fit
9WzGZbyIQxA,Tilly Lockey,they don’t😏 #theydontloveyoulikeiloveyoi #halloweencostume #edwardscissorshands,15735,37,2024-11-02T09:44:55Z,cost
H0vZ3ajV92I,Tilly Lockey,HAPPY HALLOWEEN✂️🖤🦾 #halloween #edwardscissorhands #costume,13576,34,2024-10-31T20:38:17Z,cost
EaZoHgzpiCo,Tilly Lockey,and that’s what makes the plot so relevant!!!🥹🖤✂️ #edwardscissorhands #costume #timburton,14159,26,2024-11-01T16:53:25Z,cost
ltF0y9SC8po,Tilly Lockey,the designated fit check song✨🫶🏻 #music #ootd #fashion ￼,24880,15,2025-03-23T17:17:44Z,fit
z0QGWF-etfo,Tilly Lockey,AS IF i have the exact t-shirt in my possession what. 🩷😭 #50firstdates #y2k #outfitoftheday,10700,10,2026-03-17T19:09:29Z,fit
9Rp8WZPdPXg,Tilly Lockey,cutest dance ever 💃 #realman #beabadoobee #dance,160418,384,2025-01-02T12:38:44Z,
7BDuSel9hE0,Tilly Lockey,"Have fun at your nail appointment, girl!! 💅🤣💗 ￼ #girlhood #nails #comedy",6824187,333,2026-03-10T17:48:38Z,
Q4TxsmFceEc,Arm Dynamics,Gerry Gets Acquainted with His New Prosthetic Hands,8446,14,2021-01-08T23:05:14Z,prosthetic hand
f-86oM4TvRU,Arm Dynamics,Multi-Positional Finger Prosthesis,14795,20,2021-02-04T18:55:48Z,
EodwiLAR3qI,Arm Dynamics,"A Tractor, a Trailer and Two Body-Powered Prosthetic Arms",6596,5,2021-02-15T23:18:12Z,prosthetic arm
udY6omh4k8o,Arm Dynamics,Benefits of Having Both an Electric Hand and An Electric Hook,7104,3,2020-06-23T18:12:25Z,fit
okHotqMe9Vg,Arm Dynamics,Silicone Sockets – Enhanced Comfort and Function,2164,3,2020-03-05T22:06:32Z,socket
Rpidb06k9Ow,Arm Dynamics,Skill-Saw Tips for a Bilateral Arm Amputee,3150,1,2021-03-03T21:05:08Z,tips
8cjs5UDmzRM,Arm Dynamics,Why Shawn Loves His Silicone Socket,979,1,2020-09-16T22:03:39Z,socket
0QcxTZNMmHk,Arm Dynamics,Wrist Rotators - Tips for Using a Riding Lawn Mower with Upper Limb Prosthetics,4838,1,2020-04-28T22:19:02Z,tips
kZsEtjZQibQ,Arm Dynamics,How Two Different Prosthetic Arms Help This Repairman,4950,0,2020-07-09T16:59:54Z,prosthetic arm
Mu22E84dREc,Arm Dynamics,"""I Just Had to Figure Out a New Way to Do It""",2800,9,2022-05-19T22:56:07Z,
4s7BusGYE9w,Arm Dynamics,Gerry Kinney's Story,6523,9,2022-01-07T23:34:30Z,
QGPEmtwGqZA,Arm Dynamics,Introduction to the LUKE Arm,16231,9,2020-11-04T20:13:43Z,
znkcuoN5Fng,Arm Dynamics,i-Limb Digits Help Man with Partial Hand,4407,8,2020-08-25T23:31:26Z,
ZhVRz4AygOA,Arm Dynamics,Bilateral Arm Amputee Putting On Their Prostheses Without Help,21412,7,2020-09-04T17:53:49Z,
vsvBhcCzizQ,Arm Dynamics,Xavier Collier Patient Profile,1645,6,2023-07-15T00:41:42Z,
QC33TiUp4Yk,Paley Stature & Limb Lengthening Center,Femur Patient Jump Roping & Running After Limb Lengthening,21216,42,2025-04-09T14:33:28Z,running
ll7kHEearnU,Paley Stature & Limb Lengthening Center,PRECICE MAX Patient Walking After Stature Lengthening Surgery,10260,44,2024-08-07T17:07:57Z,
E9l6Bt9h8mE,Paley Stature & Limb Lengthening Center,Natalie's Cosmetic Limb Lengthening with Dr. Paley & Dr. Robbins - Surgery Day (Episode 2),4044,14,2024-12-17T19:19:58Z,
_Ygo6I5NPuo,Paley Stature & Limb Lengthening Center,Quadrilateral Patient Walking and Jogging After Stature Lengthening Surgery,5960,14,2024-08-26T20:38:21Z,
2lk6N468zdc,Paley Stature & Limb Lengthening Center,How I Grew 5 Inches Taller in 3 Years — and Walk Normally After Quadrilateral Limb Lengthening,4197,13,2025-12-12T17:33:41Z,
6gM5E2WuEGM,Paley Stature & Limb Lengthening Center,Natalie's Cosmetic Limb Lengthening with Dr. Paley & Dr. Robbins - Physical Therapy (Episode 3),6401,13,2025-02-05T12:00:07Z,
4l9t9WCV2pM,Paley Stature & Limb Lengthening Center,Doctor Robbins Explains: Adding 5 Inches to Your Height #shorts #science,2308,12,2026-01-09T18:46:41Z,
MIZcMyGFhyA,Paley Stature & Limb Lengthening Center,Exclusive footage from our male stature patient now undergoing lengthening,6602,12,2025-06-19T17:53:12Z,
HPdpq7obh_w,Paley Stature & Limb Lengthening Center,What Limb Lengthening Recovery Actually Looks Like,1628,11,2026-03-12T17:49:23Z,
andsYlrLqE0,Paley Stature & Limb Lengthening Center,Natalie's Cosmetic Limb Lengthening with Dr. Paley & Dr. Robbins - Pre-Op Day (Episode 1),11632,10,2024-12-03T19:09:03Z,
siQ9syNEAgM,Paley Stature & Limb Lengthening Center,Comparison Between PRECICE MAX and PRECICE 2.2 Nails,3338,8,2025-10-24T17:15:45Z,comparison
mXU1Z37oJCs,Paley Stature & Limb Lengthening Center,"He Got 8cm Taller — Still Walking, Jogging, and Running Normally",1574,2,2026-01-30T22:22:04Z,running
WIPpYtZa8pg,Paley Stature & Limb Lengthening Center,Dr. Robbins Before Limb Lengthening Surgery  #drcraigrobbins #paleyinstitute #limblengthening,5516,7,2024-10-14T11:45:05Z,
cEOVTcJiG4A,Paley Stature & Limb Lengthening Center,Getting 13cm Taller with Limb Lengthening Surgery at the Paley Institute  #cosmeticlimblengthening,6480,5,2025-05-24T11:03:07Z,
qzuixnEEq6Q,Paley Stature & Limb Lengthening Center,Dr. Paley Prepares for Bilateral Femur Stature Limb Lengthening Surgery,976,5,2024-10-11T20:59:43Z,
zyVL0wLcQro,Bremer Prosthetics,Are You Having Prosthetic Socket Issues? Tips For Adjusting Fit And Comfort,490,0,2024-06-13T11:00:56Z,fit|socket|tips
le_cBF96eDk,Bremer Prosthetics,The Truth About Prosthetic Fit: What I Wish I Knew Sooner,129,0,2024-04-30T11:00:42Z,fit|truth|wish
5NVf3pUmKu0,Bremer Prosthetics,Truth About Prosthetic Fit: No More Pain,153,0,2024-04-23T11:00:07Z,fit|pain|truth
ZYyYmBSqc1M,Bremer Prosthetics,Prosthetic Design Step 1 — Test Socket Process and Proper Fit,250,5,2025-11-19T14:45:42Z,fit|socket
-y61EQFOjlI,Bremer Prosthetics,What Breathing Techniques And Meditation Help Reduce Phantom Pain,209,0,2024-06-22T11:00:00Z,pain|phantom
1ZV01uWvxTI,Bremer Prosthetics,Never Forget Your Questions: Tips For Your Prosthetist Appointment,104,0,2024-06-18T11:00:02Z,questions|tips
cqYL_Z0zd8I,Bremer Prosthetics,Understanding TMR: A Solution For Phantom And Nerve Pain,362,0,2024-06-14T11:00:38Z,pain|phantom
DA_JLIgVCi0,Bremer Prosthetics,Healing Tips After Getting A Prosthesis: Essential Advice For A Smooth Recovery,285,0,2024-06-11T11:00:18Z,advice|tips
dOYglyo-N0I,Bremer Prosthetics,Essential Tips For New Prosthesis Users: Managing Fit And Alignment,475,0,2024-06-10T11:00:39Z,fit|tips
hjNmvxVrrRM,Bremer Prosthetics,The Fight to Change Insurance Laws for Prosthetic Care (Step Up Podcast—Episode 2),591,1,2025-10-31T11:45:06Z,insurance
iMYcfTa1Ee0,Bremer Prosthetics,Running with a Prosthesis and High-Impact Training,121,0,2025-12-16T12:15:07Z,running
nrrx5sEK2G0,Bremer Prosthetics,The Test Socket as a Real World Test Drive—Episode 3,265,0,2025-11-23T16:15:06Z,socket
2Y7GHbS95Ww,Bremer Prosthetics,What is a Test Socket and Why It Matters (Step Up Podcast—Episode 3),171,0,2025-11-22T17:45:00Z,socket
LgUJgevJSN8,Bremer Prosthetics,Why Test Sockets Feel Heavy But Are Important (Step Up Podcast—Episode 3),269,0,2025-11-20T12:30:33Z,socket
itwvBDJVStQ,Bremer Prosthetics,Challenges of Prosthesis Choices for Amputees—Episode 2,1627,0,2025-11-02T15:01:19Z,challenges
eD7DLZ7Ul3I,disabled life polio and amputee,She Walks Again with a Prosthetic Leg | Inspiring Story of Strength#amputee,1765,1,2026-03-05T18:57:48Z,prosthetic leg
Zh8lQh_QXh0,disabled life polio and amputee,Beautiful Women with Prosthetic Legs Defying Disability | Inspiring Stories#amputee,510,0,2026-03-05T19:05:52Z,prosthetic leg
RRmvCk26MMM,disabled life polio and amputee,A woman with an amputated arm and a prosthetic arm: defying disability #amputee,312,0,2026-03-01T15:00:06Z,prosthetic arm
WxImZhhWazY,disabled life polio and amputee,A beautiful woman with an amputated leg defies disability with a prosthetic leg. #amputee,323,0,2026-02-28T18:09:08Z,prosthetic leg
_n_UTRbgSAE,disabled life polio and amputee,A beautiful woman with an amputated leg defies disability with a prosthetic leg. #amputee,377,0,2026-02-28T17:42:44Z,prosthetic leg
tKX_uwYEnE8,disabled life polio and amputee,A beautiful woman with an amputated leg defies disability with a prosthetic leg. #amputee,650,0,2026-02-28T11:57:09Z,prosthetic leg
OW9OqGOOrp8,disabled life polio and amputee,"A beautiful woman with an amputated leg, defying disability with one leg. #amputee",499,5,2026-03-18T18:37:53Z,
nRFjYhAvCUk,disabled life polio and amputee,Armless but Unstoppable | She Does Everything With Her Feet#dak#amputee,1118,5,2026-03-01T14:30:06Z,
oM_VtZXKMSc,disabled life polio and amputee,Sad beauty #dak #funny #nevergiveup #duet #love #movie #disabilityawareness #travel #motivation,2673,4,2026-02-27T22:09:48Z,
4p_82lv9OGg,disabled life polio and amputee,amputee women life #nevergiveup #funny #funny #dak #dak #love #duet #shorts #short #travel #trending,1321,3,2026-03-04T15:04:02Z,
KAp3C28j014,disabled life polio and amputee,She Lost Her Leg… But Not Her Strength | Unbelievable Inspirational Journey#amputee,562,3,2026-03-03T14:30:06Z,
TtdZDemETIs,disabled life polio and amputee,Amputee Woman Proves Nothing Is Impossible | One-Leg Walking Motivation#Amputee,1110,3,2026-03-03T13:00:06Z,
mdmXpzTZvQI,disabled life polio and amputee,happiness and joy #dak #funny #nevergiveup #love #duet #movie #disabilityawareness #inspiration #tra,5951,3,2026-03-01T19:31:56Z,
7fQMMaSvb6E,disabled life polio and amputee,Beauty and happiness #dak #funny #love #duet #movie #disabilityawareness #travel #motivation #inspir,1900,3,2026-02-27T22:06:26Z,
6ooWPFVsczw,disabled life polio and amputee,Beauty and happiness #dak #funny #love #duet #movie #shorts #viral #challenge #trending #bgmi #video,1057,3,2026-02-27T22:04:33Z,
Lm27E-xn6OA,AMPUTEE LIFE TV ,Amputee lady walking ascending stairs #limbloss #artificiallimb,1715,3,2026-03-19T11:00:38Z,stairs
EJrMAKQK4bA,AMPUTEE LIFE TV ,Amputee lady walking ascending the stairs #limbloss #artificiallimb,1523,1,2026-03-18T17:00:31Z,stairs
Dvuc2sG9gKk,AMPUTEE LIFE TV ,Amputee lady walking the stairs #limbloss #artificiallimb,2060,1,2026-03-18T05:00:13Z,stairs
50rdtIx2u0s,AMPUTEE LIFE TV ,Amputee lady adaptive prosthetic leg user: sharing some lingo words to say,567,0,2026-03-18T13:00:07Z,prosthetic leg
sWnNWTfgXO4,AMPUTEE LIFE TV ,Amputee lady life after amputation skipping fitness #limbloss #crutches,1227,0,2026-03-13T05:00:52Z,fit
L32m2nFoWvE,AMPUTEE LIFE TV ,Amputee lady life after amputation adaptive fitness #crutches,2639,0,2026-03-12T05:00:15Z,fit
JxHS1u9YnzI,AMPUTEE LIFE TV ,Amputee lady adaptive one leg fitness #crutches,1978,0,2026-03-11T17:00:22Z,fit
eTka0MrXys0,AMPUTEE LIFE TV ,Amputee lady walking with peg leg #limbloss #crutches,6962,4,2026-03-17T05:00:42Z,
V5DksudgHKw,AMPUTEE LIFE TV ,Amputee lady adaptive crutches user: powerful journey living beyond barriers,1522,3,2026-03-08T12:00:50Z,
dnJ9s6UJQAw,AMPUTEE LIFE TV ,Amputee lady crutches life after amputation walking #crutches #limbloss,3246,2,2026-03-15T17:00:52Z,
WElJ4b9oOPI,AMPUTEE LIFE TV ,Amputee lady crutches user: adaptive living after amputation,1393,2,2026-03-12T12:00:54Z,
Tc-t3Xz0F-k,AMPUTEE LIFE TV ,Amputee lady life after amputation: Dressing up with one leg,1829,2,2026-03-10T12:00:58Z,
07TjAk7FChU,AMPUTEE LIFE TV ,Amputee lady crutches life after amputation: walking reclaiming freedom,2059,2,2026-03-09T12:00:01Z,
TADj_jTovRI,AMPUTEE LIFE TV ,Amputee woman crutches user: walking adaptability,932,2,2026-03-07T12:00:52Z,
tkOppimZi3E,AMPUTEE LIFE TV ,Amputee lady crutches user: life after amputation walking by the see,1507,1,2026-03-19T12:01:47Z,
dMdFi_xnqIM,Adaptive Amputees,Impossible Mobility & Strength Challenge,21280,31,2025-07-30T15:01:13Z,
FYJUaUl-MEw,Adaptive Amputees,Amputee Tries Trampolining… What Could Go Wrong?,619,20,2025-07-09T18:00:30Z,
oRMt0ZIDCBA,Adaptive Amputees,Impossible Plank Challenge,429350,13,2025-11-16T15:59:00Z,
oLmELJI7iuQ,Adaptive Amputees,5 Things Amputees NEVER Tell You (But We All Think),1443,10,2025-05-17T14:01:19Z,
xpI_ltUe-mQ,Adaptive Amputees,My Prosthetic Leg Kept Falling Off… Here’s What I Found,837,8,2025-09-04T12:02:00Z,fall|prosthetic leg
Q7aKtbVm07o,Adaptive Amputees,Getting fit after amputation: my top amputee fitness tips,1341,2,2025-07-13T02:00:23Z,fit|tips
kppOK4zuRfE,Adaptive Amputees,When The Test Socket Fit Is PERFECTION!,1662,1,2025-12-14T18:00:52Z,fit|socket
OjEVGyP5BtU,Adaptive Amputees,Unlock Crazy Flexibility with These 2 Insane Mobility Challenges!,14135,5,2025-08-11T14:59:00Z,challenges
7By9BFQRYiI,Adaptive Amputees,First Time White Water Rafting in Colorado (It Got Wild!),229,4,2025-10-04T15:00:14Z,first time
PRM4ylOiHHI,Adaptive Amputees,Daily Balance Exercises to Improve Stability & Prevent Falls,1230,2,2026-01-21T21:00:22Z,fall
w0IQKvkjOM0,Adaptive Amputees,Idaho Springs New Downhill Trails MTB First Timer POV,1387,2,2025-11-18T02:00:53Z,first time
rCx2jVpmFSg,Adaptive Amputees,This Small Part Made All the Difference for My Prosthetic Leg!,540,2,2025-09-05T12:01:42Z,prosthetic leg
Rsd4B7P0gjw,Adaptive Amputees,Airport Hack: Skip TSA Line Fast,1326,1,2025-08-12T14:59:01Z,hack
z40fB_WsiRg,Adaptive Amputees,This Running Challenge Will Surprise You!,3259,0,2025-11-12T16:01:45Z,running
kL04PQLKsT0,Adaptive Amputees,Attempting a Headstand: Expectation vs. Epic Disaster,2098,9,2025-08-17T19:00:37Z,
RFg4UJMj5A4,Amputee World,Socket less Leg Amputee  Selecting the Gel Liner HD,696,0,2019-03-29T07:36:31Z,liner|socket
XuzUxwJoENE,Amputee World,Leg Amputee Socket less  Endless Leg Amputee  Running,60,0,2019-03-29T07:32:23Z,running|socket
2us9JjcFrBU,Amputee World,What do you wish for dual leg amputee Lady,49926,6,2019-04-14T19:00:05Z,wish
_QhRZPu3hbM,Amputee World,Socket less Socket™ cX   Suspension Options HD,426,1,2019-03-29T07:36:31Z,socket
R2f49iMjmT0,Amputee World,Prosthetic legs makes better life for Leg Amputees,1363,0,2019-03-31T09:33:06Z,prosthetic leg
pfTMmEyN9pQ,Amputee World,New Prosthetic Leg for leg amputee lady Ida Lampas,2850,0,2019-03-31T09:19:53Z,prosthetic leg
-sfUsxji6K0,Amputee World,OTTOBOCK  prosthetic Leg works,186,0,2019-03-29T12:44:48Z,prosthetic leg
CLdyWSvi-20,Amputee World,Short Leg Prosthetic leg,363,0,2019-03-29T12:44:48Z,prosthetic leg
z9e96sBuRpU,Amputee World,Prosthetic Hand Implants offering a new life,203,0,2019-03-29T12:44:48Z,prosthetic hand
X7YMjjL8jfc,Amputee World,Leg amputee France kicking off Prosthetic Leg,156,0,2019-03-29T09:43:56Z,prosthetic leg
Xb6Z55bHlqA,Amputee World,Socket less Leg Amputee  Leg Press,91,0,2019-03-29T07:38:34Z,socket
tJNA6kFTNOQ,Amputee World,Amputee Lady Daily Care LOL,25807,6,2020-01-04T18:41:23Z,
qHeiUS_mVp8,Amputee World,Leg amputee Hip amputation,12451,5,2019-03-29T12:44:48Z,
4Qr1aey9mds,Amputee World,My Eyes Are Up Here as a leg Amputee Lady,18432,2,2019-05-01T07:48:21Z,
pHM7HUetT-4,Amputee World,Leg amputee Adaptive Rock Climbing Clinic Joshua Tree,5811,2,2019-03-29T08:05:42Z,
4gzLk0a_OF4,Cristal_ Amputee,Earthquake in Pennsylvania.. I was in shock!  #earthquake #pennsylvania #shock,9199,26,2024-04-05T21:45:23Z,
5dBOnRLyZhM,Cristal_ Amputee,Still waiting for my new socket #fyp #prostheticleg #amputeelife #struggles #limping #amputee,1277,7,2024-06-16T19:55:25Z,socket|struggles
h2pFMsDTgcY,Cristal_ Amputee,Phantom Pain after Amputation,1496,5,2024-04-26T15:21:45Z,pain|phantom
pCCdRJ9RPkA,Cristal_ Amputee,My skin has been very sensitive and I wish it would get better but it hasn’t. #prosthetics #grwm,1497,2,2026-03-06T17:01:27Z,skin|wish
KurgTYb-MV4,Cristal_ Amputee,Does the ghost pain go away?!  #phantompain #fyp,1441,2,2025-02-18T17:38:52Z,pain|phantom
srlvkqdkD0Q,Cristal_ Amputee,Prosthetic Socket Not Fitting Again,872,0,2024-05-27T18:14:03Z,fit|socket
MwmChgyQJrs,Cristal_ Amputee,Above the knee amputation ask questions #fyp #amputada #amputee #question,3679,9,2025-01-22T17:21:23Z,questions
6muEmVIB7SE,Cristal_ Amputee,The best part of my prosthetic leg is having a rotator on it. #fyp #prostheticleg #amputeelife,2031,6,2025-03-07T18:34:19Z,prosthetic leg
1Ph38JxP4gc,Cristal_ Amputee,How to put on my prosthetic leg,8675,5,2025-01-30T14:22:29Z,prosthetic leg
z6ff2Swz3NU,Cristal_ Amputee,Amputee Mom Struggles,801,5,2024-05-10T16:01:00Z,struggles
hNmr4xJxJIg,Cristal_ Amputee,Walking with my old socket can’t wait to show my new socket #prostheticleg #amputeelife #subscribe,2392,4,2025-03-07T17:12:49Z,socket
3hBekbpNG7A,Cristal_ Amputee,Morning routine as an amputee,2579,2,2025-02-12T18:16:17Z,morning routine
gRxTAc51X6o,Cristal_ Amputee,Getting dressed with my prosthetic leg #amputada #amputeelife #prosthesis #prostheticleg #ampworld,1583,2,2025-02-02T21:40:03Z,prosthetic leg
8mVEn0JI2v0,Cristal_ Amputee,YAY! Got my NEW PROSTHETIC SOCKET! Come check it out.,1085,2,2024-06-29T14:17:07Z,socket
xAS5TEiXUeA,Cristal_ Amputee,"Had a very long day at work, wishing you all a good day. #grwm #amputee #prosthetics #foryou",1802,1,2026-02-28T17:01:33Z,wish
Cs4vUnVa4Uo,Prosthetic Limbs ,No Arms No Legs | My Real Life Motivation Story,36643,20,2026-01-21T08:30:07Z,
XOzAc3AJKz4,Prosthetic Limbs ,Born Without Limbs But Full of Life,4448,12,2026-01-19T14:30:34Z,
CKr3ghpUUqU,Prosthetic Limbs ,No Arms No Legs | My Real Life Motivation Story,18374,11,2026-02-11T09:30:09Z,
A-bRbvGjyIU,Prosthetic Limbs ,Life Without Limbs | Powerful Motivation Video,27697,11,2026-02-06T06:30:05Z,
7EQ2tz2tyxg,Prosthetic Limbs ,Life Without Hands & Feet 🥺💔,23140,11,2026-01-26T06:30:04Z,
IWktA_AOZoQ,Prosthetic Limbs ,Disabled But Unstoppable | Life Without Limbs,8488,11,2026-01-23T18:30:29Z,
qbhnLK4ddUY,Prosthetic Limbs ,Disability Motivation | Never Give Up Story,19668,11,2026-01-20T09:45:10Z,
1M4Wy4WSs-o,Prosthetic Limbs ,Inspiring Disability Story That Will Change Your Mindset,23369,10,2026-01-22T08:30:00Z,
oF4le6JfbTk,Prosthetic Limbs ,No Arms No Legs | My Real Life Motivation Story,5519,9,2026-02-18T11:30:53Z,
rLFZk4ZlZpw,Prosthetic Limbs ,How I Live Without Arms and Legs (Emotional & Inspiring),11309,9,2026-02-18T06:30:25Z,
SZJYnl5ov34,Prosthetic Limbs ,Living Without Hands and Legs | True Inspirational Story,16656,9,2026-01-24T04:30:14Z,
bLzOLTAp5LQ,Prosthetic Limbs ,How I Live Without Arms and Legs (Emotional & Inspiring),23517,9,2026-01-21T04:30:21Z,
JEZureIA5qU,Prosthetic Limbs ,No Arms No Legs | Stronger Than Ever,29277,8,2026-01-21T15:45:03Z,
_UxPb52HboY,Prosthetic Limbs ,Real Life Inspiration | No Hands No Legs,2322,7,2026-02-13T16:30:17Z,
b50Btmd93RI,Prosthetic Limbs ,No Arms No Legs | Stronger Than Ever,24182,6,2026-02-19T06:30:31Z,
qgexHUiufWE,One Leg One Life,I broke both of my prosthetics 🫠 RIP my stump 🫠,205,0,2025-05-14T21:06:40Z,
lAkrzOopts0,One Leg One Life,I chopped off a foot - reintroducing myself,167,0,2025-04-24T10:22:37Z,
qUYuvDAm6MY,Rubel's Amputee Life,Amputee Life#Soleus foot#Liner #socket#Credence Prosthetic#Prosthetic leg#Amputee important exercise,1711,0,2026-02-08T12:07:11Z,liner|prosthetic leg|socket
kUYeu3dOQiM,Rubel's Amputee Life,#Amputee Life #Soleus foot #Liner #socket #Credence Prosthetic #Delhi #India gate #Prosthetic leg,28,0,2026-01-20T10:16:44Z,liner|prosthetic leg|socket
_2O9J0rgLIY,Rubel's Amputee Life,#Amputee Life #Important training after amputation #Soleus foot #Liner #socket #Credence Prosthetic.,1757,9,2025-11-01T12:36:27Z,liner|socket
oBN1rplHqMA,Rubel's Amputee Life,#Amputee Life #Important training after amputation #Soleus foot #Liner #socket #Credence Prosthetic.,1231,4,2025-11-03T15:58:08Z,liner|socket
0Ln7Ay3cY7o,Rubel's Amputee Life,#Amputee Life #Soleus foot #Liner #socket #Credence Prosthetic #training #Prosthetic lag,765,2,2026-02-07T12:29:12Z,liner|socket
IFVBn-g2Gro,Rubel's Amputee Life,#Amputee Life #Important training after amputation #Soleus foot #Liner #socket #Credence Prosthetic.,232,2,2025-11-29T11:57:46Z,liner|socket
i5SkwPSi534,Rubel's Amputee Life,#Amputee Life #Important training after amputation #Soleus foot #Liner #socket #Credence Prosthetic.,1339,2,2025-11-21T09:31:48Z,liner|socket
c1Z6lHNupnA,Rubel's Amputee Life,#Amputee Life #Important training after amputation #Soleus foot #Liner #socket #Credence Prosthetic.,1164,2,2025-11-19T16:39:52Z,liner|socket
90gwfn2rU7U,Rubel's Amputee Life,#Amputee Life #Important training after amputation #Soleus foot #Liner #socket #Credence Prosthetic.,427,1,2025-12-28T12:46:52Z,liner|socket
hbBQ7Z7Jzhw,Rubel's Amputee Life,#Amputee Life #Important training after amputation #Soleus foot #Liner #socket #Credence Prosthetic.,420,1,2025-12-05T13:02:50Z,liner|socket
ARkbdVS3mFY,Rubel's Amputee Life,#Amputee Life #Important training after amputation #Soleus foot #Liner #socket #Credence Prosthetic.,783,1,2025-11-16T14:30:23Z,liner|socket
8LfLoi7uVHk,Rubel's Amputee Life,#Amputee Life #Important training after amputation #Soleus foot #Liner #socket #Credence Prosthetic.,934,1,2025-11-13T14:27:16Z,liner|socket
AS4JMCeSUS0,Rubel's Amputee Life,#Amputee Life #Important training after amputation #Soleus foot #Liner #socket #Credence Prosthetic.,90,1,2025-11-08T18:32:09Z,liner|socket
qKHP0JGrWgI,Rubel's Amputee Life,#Amputee Life #Important training after amputation #Soleus foot #Liner #socket #Credence Prosthetic.,605,1,2025-11-07T18:58:13Z,liner|socket
ShbSVLa8JnI,Rubel's Amputee Life,#Amputee Life #Important training after amputation #Soleus foot #Liner #socket #Credence Prosthetic.,1356,0,2026-03-17T13:08:22Z,liner|socket
rnLmz0PXhHY,Bhaskara Prosthetic Care,Success Story of a Below Knee Amputee After Getting a Prosthetic Limb | Bhaskara Prosthetic Care,2184191,69,2025-10-12T04:49:56Z,
zhHLbL9MQ-Q,Bhaskara Prosthetic Care,Above Knee Prosthetic Limb Success Story | Walking Again After an Accident,3289,9,2025-10-06T06:10:01Z,
025AFnl0wSY,Bhaskara Prosthetic Care,Another Success Story of a Below Knee Amputee After Getting Prosthetic Limb@BhaskaraProstheticCare,1882,5,2025-11-02T05:15:00Z,
soG4zDj897I,Bhaskara Prosthetic Care,Real Success Story of a Below Knee Amputee After Getting a Prosthetic Limb,2123,4,2025-12-30T05:57:57Z,
wdQUpjF4ZD4,Bhaskara Prosthetic Care,Success Story of a Below Knee Amputee After Getting a Artificial Limb #inspiration #motivation,8172,4,2025-10-26T04:01:09Z,
qRxCI-n2FeA,Bhaskara Prosthetic Care,Below Knee Prosthetic Limb Success Story | Life After Amputation,433,4,2025-10-07T13:59:38Z,
yKzmlzE_ny8,Bhaskara Prosthetic Care,Success Story of a Below Knee Amputee | Diabetic Patient Walking Again | Bhaskara Prosthetic Care,1965,2,2025-11-09T04:34:13Z,
Rgn7pU7u_9s,Bhaskara Prosthetic Care,Success Story of a Bilateral Above Knee Prosthetic | Life After Train Accident  #Inspiration,4018,2,2025-10-19T05:26:44Z,
e5x91lhEvYo,Manfredi O&P,From Heat to Fit 🔥 | Thermoplastic Check Socket | The 1st Step of a Prosthesis for Amputees,11,0,2025-08-27T13:01:26Z,fit|heat|socket
Z7bUoTCHjm0,Manfredi O&P,How Prosthetic Sockets Made for Amputees: Check Sockets & The Path to the Perfect Fit,67,0,2025-04-14T18:23:49Z,fit|socket
T3QN99WhipU,Manfredi O&P,"Sleeve Up & Step Out: A Fun, Easy Guide to the Prosthetic Suspension Sleeve for New Amputees",61,0,2025-02-14T22:03:05Z,new amputee
OYBJq6VvwB0,Manfredi O&P,Sock Ply Management Made Easy for Amputees: Ensuring a Perfect Prosthetic Fit,29,0,2025-02-14T18:25:08Z,fit
p5mehKaIED4,Manfredi O&P,Becoming an Amputee Is Scary - Do THIS to Protect Your Recovery,67,0,2025-10-06T21:32:15Z,
dPhB9TqbS7Q,Manfredi O&P,Carving Your Future 🦿 | In-House Prosthetic Fabrication | Manfredi O&P | Monmouth County NJ,6,0,2025-08-29T22:00:45Z,
5Hv5g5eHxvM,Manfredi O&P,"You Dream It, We Build It ✨ | Custom Prosthetic Designs | Manfredi Prosthetics Eatontown, NJ",3,0,2025-08-25T16:47:56Z,
_bMXfp7E2rA,Manfredi O&P,First Swing Golf Event 2025 | Adaptive Sports & Amputee Empowerment with Manfredi O&P,124,0,2025-06-16T18:05:56Z,
_IxZruoTaC4,Manfredi O&P,Redness Check: How to Spot Amputated Limb Distress and Ease into Your First Prosthesis,26,0,2025-02-27T21:21:06Z,
wNfq0mdxHDU,Manfredi O&P,"Welcome to Manfredi O&P | A look inside our Eatontown, New Jersey Office",43,0,2025-02-19T18:40:21Z,
FdYbSLkmu9k,The Bilateral Amputee,Walking near a lake with #ottobock  #3r78  #prosthetics after 1.5 year,167,1,2024-11-04T18:30:20Z,
nPi7pb6PBl0,The Bilateral Amputee,Achievement,14,0,2025-12-14T05:02:35Z,
8pQ8Tuh976M,The Bilateral Amputee,Walking around ruwanweliseya (around 300m) with #ottobock  #3r78  #prosthetics after 2.5 year,37,0,2025-10-30T07:00:14Z,
IFnojvyzAwo,The Bilateral Amputee,Bilateral above knee amputee drive a car,39,0,2025-10-30T04:00:31Z,
N3DoD5cNtQo,The Bilateral Amputee,Bilateral above knee amputee getting in to the car,198,0,2025-07-07T08:00:35Z,
4QZ0RGX8xYU,The Bilateral Amputee,Bilateral above knee amputee getting out of the car,85,0,2025-07-05T06:00:02Z,
XgqTmTaB7yA,The Bilateral Amputee,Bilateral amputee ride trike with #3r78  #ottobock  #prostheticleg on the main road to home,126,0,2024-11-20T18:30:32Z,
Rba1sfQxPAo,The Bilateral Amputee,Bilateral amputee ride trike with #3r78  #ottobock  #prostheticleg on the main road,108,0,2024-11-18T18:30:26Z,
fSIJ6_Ge7IU,The Bilateral Amputee,Bilateral amputee ride trike with #3r78  #ottobock #prostheticleg #artificiallimbs  #prostheticlimb,78,0,2024-11-16T18:30:35Z,
qsngdMVCMD0,The Bilateral Amputee,Bilateral amputee get down from trike with #3r78  #ottobock  #prostheticleg to wheelchair,80,0,2024-11-14T18:30:42Z,
qLBLgajR4vY,The Bilateral Amputee,Bilateral amputee get on to trike with #3r78  #ottobock  #prostheticleg from wheelchair,134,0,2024-11-12T18:30:42Z,
fUKdGSHPln0,The Bilateral Amputee,Sweeping floor while on wheel chair,89,0,2024-10-30T18:30:38Z,
oiwnl7uBrIE,The Bilateral Amputee,How to mopping the floor while on wheel chair,44,0,2024-10-28T18:30:40Z,
UYG6RS-ObE0,The Bilateral Amputee,Bilateral above knee amputee lron cloths #bilateralamputee,47,0,2024-10-26T18:30:27Z,
u0eQvVzj3gw,The Bilateral Amputee,Bilateral above knee amputee drive a car,175,0,2024-10-24T18:30:42Z,
PwJPmMdMSOs,Christoffer Lindhe – Triple Amputee ,"It took me a while to mentally accept becoming an amputee, How about you? What are your best tips?",2253,22,2025-11-21T15:28:37Z,tips
vDefbOoelyg,Christoffer Lindhe – Triple Amputee ,Listen to my dear friend Caros best tips for dealing with phantom limb pain!,1364,5,2025-09-04T12:01:45Z,pain|phantom|tips
oU_IsvaY7CA,Christoffer Lindhe – Triple Amputee ,"Phantom limb pain can be real annoying, luckily Sarah has a couple of tips on how she deals with it!",2207,3,2025-09-09T13:27:02Z,pain|phantom|tips
x-IkmK_9Ixg,Christoffer Lindhe – Triple Amputee ,Been without my real prosthetic arm for months now...,4449,3,2026-01-16T14:39:36Z,prosthetic arm
BY4A52FblOo,Christoffer Lindhe – Triple Amputee ,Sometimes I forget I don’t have any feeling in my prosthetic arm 🤣🤣#amputee #amputeelife,2640,3,2025-10-08T13:37:23Z,prosthetic arm
dxcFw3q5gbk,Christoffer Lindhe – Triple Amputee ,1st out on the review series are my Geniums which I have had for many years now!,1615,2,2026-01-06T13:41:33Z,review
CGorF0LrOsg,Christoffer Lindhe – Triple Amputee ,"Even though fall has hit Sweden 🍂, there's always nice weather somewhere right? ☀️...",2910,2,2025-11-06T14:38:03Z,fall
eIdb8ktHWt4,Christoffer Lindhe – Triple Amputee ,I'm back again with another knee review!,584,1,2026-02-10T14:46:07Z,review
_HQB6V3Id9g,Christoffer Lindhe – Triple Amputee ,One year in between - and a new sitski that fits better - this is what my progress looks like!,894,0,2026-03-03T15:21:00Z,fit
PLbJ4JlqS7A,Christoffer Lindhe – Triple Amputee ,"Time for me to upgrade my prosthetic knees, so I’m launching a knee review series!",1398,0,2025-12-05T14:24:27Z,review
Q5Z2v4gZ3qs,Christoffer Lindhe – Triple Amputee ,"Falling is not an option, that’s why these prosthetic adapters are designed with double safety!",2337,0,2025-09-02T12:00:54Z,fall
vCqSFyA4PMg,Christoffer Lindhe – Triple Amputee ,"When we developed our adapter Xtend Connect Prime, I never imagined it being so useful for sitskiing",8446,9,2026-02-24T14:53:00Z,
aLn-qk3Orpk,Christoffer Lindhe – Triple Amputee ,Most people test the water with a toe…I skipped that part and went all in.,2089,8,2025-12-31T14:30:00Z,
YBackYrzk1s,Christoffer Lindhe – Triple Amputee ,Recovery after an amputation isn’t instant. Some of mine took years...,1352,6,2025-12-04T14:49:53Z,
JtKk7ODI27Y,Christoffer Lindhe – Triple Amputee ,Of course I’d take my limbs back in a heartbeat if I could...,1437,5,2025-12-11T13:28:05Z,
ea3-zQqFuoE,Disabled Lives,Incredible Double Amputee Girl Walking with Prosthetic Legs | Above & Below Knee Amputee Motivation,280613,59,2026-02-19T06:23:16Z,prosthetic leg
DOMePfi-FCc,Disabled Lives,Silicone Finger Prosthesis Transformation | Restoring Confidence After Finger Amputation,782293,14,2026-02-28T04:40:37Z,
I2gh64OQgvI,Disabled Lives,Brave Double Above-Knee Amputee Climbing Stairs with Prosthetic Legs | Inspiring Journey,2614,3,2026-02-24T05:21:41Z,prosthetic leg|stairs
56m7icYdFzg,Disabled Lives,"Chasing Time, Breaking Limits | Running with My Prosthetic Leg #RunWithConfidence #NoLimits",323,0,2026-03-20T19:51:41Z,prosthetic leg|running
oxMphE_E4Sk,Disabled Lives,Double Above-Knee Amputee Woman Running with Prosthetic Legs | Unstoppable Disabled Life,317,0,2026-03-02T04:33:40Z,prosthetic leg|running
9YpCbkSKnWk,Disabled Lives,Incredible Below-Knee Amputee Girl Running on Treadmill | Prosthetic Leg Motivation,2130,0,2026-02-18T05:36:14Z,prosthetic leg|running
AcEay2DlJOc,Disabled Lives,How a Double Amputee Stands on Prosthetic Legs | Step-by-Step Standing Training,24850,6,2026-02-16T04:40:44Z,prosthetic leg
8ZVf6pYWoyM,Disabled Lives,Double Above-Knee Amputee Woman Walking Confidently with Prosthetic Legs Strong Motivation,1261,5,2026-03-13T15:07:49Z,prosthetic leg
yT_xRXhHozc,Disabled Lives,"Born Different, Trained Strong | From Gait Training to Confident Walk with Prosthetic Leg",16349,3,2026-01-28T05:07:51Z,prosthetic leg
btq-wJaS5R4,Disabled Lives,Double Amputee Dancer Shocks the World | Dancing with Prosthetic Legs Like a True Athlete,16598,2,2026-03-03T06:07:22Z,prosthetic leg
v76jsb1Pwn8,Disabled Lives,First Steps to Freedom | Woman Walks & Exercises with Her New Prosthetic Legs,907,1,2026-03-18T17:49:08Z,prosthetic leg
GOelwCq3Xd0,Disabled Lives,Walk Again ❤️ Elderly Below Knee Amputee Gait Training with Prosthetic Leg #prosthetics #preventamp,711,1,2026-03-04T05:34:00Z,prosthetic leg
7JjMZJ0vsjc,Disabled Lives,Below Knee Amputee Woman Proves She Is Unstoppable | Prosthetic Leg Confidence | Disable Life,15283,1,2026-02-15T05:03:28Z,prosthetic leg
dquufhvGcNg,Disabled Lives,Dog Walks Again with Prosthetic Legs | Amazing Animal Prosthetics Transformation 🐶🦿,252,1,2026-02-11T04:33:34Z,prosthetic leg
lhxLAPuNmi4,Disabled Lives,Above Knee Amputee Girl Walking Confidently with Prosthetic Leg Advanced Artificial Limbs Inspiratio,2901,1,2026-01-23T04:26:16Z,prosthetic leg
7PA28RrBWNk,The Prosthetic Foundation,"Congratulations Mr. Hullum, Prosthetic Recipient",12,0,2021-12-03T14:23:49Z,
QW8_Xr2XcrE,The Prosthetic Foundation,Hill Country Happy Hour by The Prosthetic Foundation,29,0,2021-11-15T20:14:57Z,
aIlsUobac3U,The Prosthetic Foundation,Martin's Success Story after Assistance thru The Prosthetic Foundation,180,0,2021-04-10T22:36:23Z,
alww-yfCf1Y,The Prosthetic Foundation,Prosthetic Foundation - Great Day SA,107,0,2020-12-13T20:29:26Z,
5S8uK38S6Ko,The Prosthetic Foundation,The Prosthetic Foundation Two Step 2020 Virtual Gala,179,0,2020-12-08T17:40:30Z,
y46ydCFB3EU,The Prosthetic Foundation,2020 Virtual Gala,8,0,2020-12-07T20:30:03Z,
GHWUm74FHI0,The Prosthetic Foundation,It Takes a Village to Give an Amputee a Second Chance at Life,56,0,2020-11-23T18:35:31Z,
AC9yRICDW84,The Prosthetic Foundation,The Prosthetic Foundation  KENS 5,20,0,2020-11-19T21:17:58Z,
FPkXOXJcOmc,The Prosthetic Foundation,Importance of Giving,27,0,2020-11-19T21:10:57Z,
r-O2JIYYXn0,The Prosthetic Foundation,Girl Scout cadet raising funds and awareness for The Prosthetic Foundation.,38,0,2020-11-19T19:07:18Z,
-jQbNbLuKXk,The Prosthetic Foundation,"Texas Two Step Gala 2020 - Music Credit with Permission by Scott Hayley ""Local Heroes""",53,0,2020-11-19T16:59:01Z,
sogoSxOPm3U,The Prosthetic Foundation,The Prosthetic Foundation Fashion Show,906,0,2017-09-28T15:23:48Z,
NE_y0z_ANx8,The Prosthetic Foundation,Vince's Testimonial,28,0,2017-06-01T17:46:55Z,
9AAmz0w7Lrs,The Prosthetic Foundation,Jump Rope Challenge 2017,199,0,2017-05-31T20:23:09Z,
zHyL9T62Tug,The Prosthetic Foundation,Jump Rope Challenge 100,1876,0,2017-05-17T21:32:23Z,
E192IzrZKXA,Stephanina's Amputee Adventures,Do Storms Make Amputee Phantom Pain Worse?,1864,35,2024-12-14T16:00:10Z,pain|phantom
vLQVMuSOzBM,Stephanina's Amputee Adventures,3 Secrets: How to Stop Phantom Pain,3371,18,2024-08-04T14:15:06Z,pain|phantom
NBiULLQ7qY0,Stephanina's Amputee Adventures,What type of Prosthetic Should I Get? Pin Lock vs Suction Socket vs Vacuum Suspension,17349,35,2024-10-06T14:15:02Z,socket
lWUEVBlo2C0,Stephanina's Amputee Adventures,Day in the Life of an Amputee- Peg Leg Pirate,5581,27,2024-07-07T14:15:03Z,day in the life
-5L3yfQ8gxU,Stephanina's Amputee Adventures,Day in the Life of an Amputee: My First Snow,1397,22,2024-12-21T16:00:00Z,day in the life
3Btxeq5AftE,Stephanina's Amputee Adventures,I'm an Awkward Peg Leg Pirate. (Day in the life of an amputee),3706,14,2024-10-13T14:15:00Z,day in the life
-eCxD8PcdB8,Stephanina's Amputee Adventures,Um...I Crashed (Day in the Life of an Amputee),564,14,2024-08-18T14:15:00Z,day in the life
0lHd0k9Yb_Y,Stephanina's Amputee Adventures,How to Make a Wooden Peg Leg and Pirate Costume,4707,13,2024-10-20T14:15:00Z,cost
Ae827BLSvSo,Stephanina's Amputee Adventures,Amputee Questions and Answers,1217,12,2024-09-08T14:15:00Z,questions
v-YmTgmdn30,Stephanina's Amputee Adventures,I Got a Running Leg! @ChallengedAthletesFoundation,1877,10,2024-11-30T16:00:50Z,running
-KqfA0f8PcA,Stephanina's Amputee Adventures,Why I'm Leaving YouTube,3572,68,2025-02-09T16:00:00Z,
iumn-czCoIY,Stephanina's Amputee Adventures,Which Prosthetic Should I Get? (Choosing a Foot),2690,34,2024-09-29T14:15:04Z,
ME_eKrBAmGI,Stephanina's Amputee Adventures,How I Got Through Amputation Grief & Depression,744,30,2024-10-27T14:15:02Z,
2kcUY1HuYU4,Stephanina's Amputee Adventures,Grieving Limb Loss: An Amputee Martial Artist,1450,23,2024-11-09T16:00:03Z,
UAqENTC8zSo,Stephanina's Amputee Adventures,Three Years After Amputation #ampuversary,3761,23,2024-07-28T14:15:02Z,
-0nsxKSJD4A,Amputee Joe,Amputee Talk Episode 1 With Amputee Joe and Mike Walh,738,2,2026-03-20T10:52:10Z,
ZqXEJ-xEyNE,Amputee Joe,Episode 1: New Leg Day at OPC,70,2,2026-03-03T22:31:12Z,
7Q7LzNxWPnA,Amputee Joe,Shrinkers and Why There Important!,276,1,2026-03-08T23:31:25Z,
87spAZ6mNIw,Amputee Joe,New Leg Day @ OPC,123,1,2026-03-04T18:52:34Z,
ASEIogJ_7LE,Amputee Joe,Amputee Talk Episode 1 With Amputee Joe and Mike Walh,10,0,2026-03-20T10:45:21Z,
IrQKyLyymEk,Amputee Joe,Being Positive,17,0,2026-03-04T23:43:55Z,
yE8QfR0Mowg,Amputeelife73,Life as a double amputee #amputee #amputeelife #prosthetics #prostheticleg #limbloss,47,6,2026-03-03T21:32:46Z,
PuFAxu-65xk,Amputeelife73,#amputeelife #amputeeawareness #amputeestrong #limbloss #prosthetics,595,5,2026-02-26T19:56:15Z,
9Eeu9bEi_k8,Amputeelife73,Life as an amputee,991,3,2026-02-26T19:59:50Z,
g-IRpEaolbA,Amputeelife73,Life as a double amputee #limbloss #prosthetics #prostheticleg #fyp #bilateralamputee #amputelife,37,2,2026-03-07T01:26:40Z,
re8T2K_s4XY,Amputeelife73,Life as a double amputee #limbloss #amputee #amputeelife #fyp #prosthetics #ottobock,17,2,2026-03-05T21:17:09Z,
irJix6jO-_M,Amputeelife73,Life as a double amputee #limbloss #prosthetics #amputee #prostheticleg #amputeelife  #ottobock,14,0,2026-03-21T00:08:59Z,
FyxdufN_SCA,Amputeelife73,Life as a double amputee #limbloss #amputee #amputeelife #fyp #prosthetics #prostheticleg,15,0,2026-03-05T00:52:05Z,
IsK75zfWy2o,Amputeelife73,"Living life as a double amputee. #amputee, #limbloss #amputeelife #prosthetics #amputeestrong",19,0,2026-02-26T22:00:52Z,
zHPkng5g8lE,Amputeelife73,Living life as a double amputee #amputee. #limbloss #amputeelife #prosthetics #amputeestrong,12,0,2026-02-26T21:54:29Z,
HQfH_gqTquo,Amputeelife73,Living as an double amputee,12,0,2026-02-02T03:29:35Z,
WAHrW9Deb80,Amputeelife73,Life as an amputee,129,0,2026-02-02T02:48:07Z,
7005gJmdrpo,Colleen McKinstrie,Amputee Hacks Kitchen Hacks For One Arm People,33359,31,2017-08-06T23:09:38Z,hack
CmufwzS9WsQ,Colleen McKinstrie,Toothpaste Dispenser Hack,1672,6,2020-10-10T22:16:50Z,hack
jIlaIWujr9Y,Colleen McKinstrie,My Prosthetic Arm / Amputee,20586,6,2015-05-21T08:06:08Z,prosthetic arm
j5JPFvEq4ZU,Colleen McKinstrie,Amputee Life Hacks (Residual limb care & How to polish nails with one hand),56538,5,2015-04-13T08:34:13Z,hack
t9NFKqpe2BE,Colleen McKinstrie,Amputee Life Hacks: Making a Sandwich,20695,4,2015-08-07T00:36:49Z,hack
_vdNzDfM_-g,Colleen McKinstrie,Packing With One Arm Part: 1 AMPUTEE LIFE HACKS,34583,4,2015-04-12T04:25:08Z,hack
Mspn2Yk7S5s,Colleen McKinstrie,Amputee Trash bag Hack,39359,2,2016-07-10T04:56:32Z,hack
Vq0sMy876s4,Colleen McKinstrie,MY CANCER STORY (MY MOM) FROM BREAST CANCER TO AMPUTATION,13249,0,2013-07-10T21:52:03Z,
hX_4F8nOdVE,Real Life Prosthetics®,Demo | Ottobock. Genium Running,2293,6,2025-08-12T18:17:57Z,running
nn7knlXfWwA,Real Life Prosthetics®,Direct Socket™ | Same Day Delivery!,1319,2,2025-07-16T22:14:29Z,socket
8ftCMEZT0rU,Real Life Prosthetics®,Direct Socket™ | Below-Knee Trim Lines,1935,1,2025-07-30T18:36:50Z,socket
kbK__LZMRis,Real Life Prosthetics®,"#FabricationFriday | AK Prosthesis w/a BOA Fit System, Ottobock GeniumX4, and TritonVS",340,0,2026-03-13T18:59:21Z,fit
NAsmBzuf2m0,Real Life Prosthetics®,Peacefulness of Falling Snow,1286,0,2026-03-12T17:46:03Z,fall
itc-OTH_9LE,Real Life Prosthetics®,#FabricationFriday | BK Direct Socket Part II (time-lapse) #belowkneeprosthesis #directsocket #ossur,370,0,2026-02-06T19:47:19Z,socket
Ss19CpE7arg,Real Life Prosthetics®,#FabricationFriday | BK Direct Socket Part III (time-lapse) #belowkneeprosthesis #directsocket,1676,0,2026-02-06T19:47:16Z,socket
Ndo-1MYMcuA,Real Life Prosthetics®,#FabricationFriday | BK Direct Socket Part I (time-lapse) #belowkneeprosthesis #directsocket #ossur,2185,0,2026-01-23T20:47:47Z,socket
o1eCjpTyVyY,Real Life Prosthetics®,Abingdon Clinic | First Accumulative Snow Fall 2025,676,0,2025-12-05T15:08:58Z,fall
jIpFO3zojH8,Real Life Prosthetics®,Demo | Ottobock. Genium Stairs,32400,0,2025-08-11T19:49:25Z,stairs
j-dJzQEvI9Q,Real Life Prosthetics®,Direct Socket™ | Prosthetic Foot,1623,0,2025-08-08T17:26:45Z,socket
jJMweWCCFOQ,Real Life Prosthetics®,Direct Socket™ | Above-Knee Trim Lines,806,0,2025-08-01T18:41:21Z,socket
5mHtmuc1e0w,Real Life Prosthetics®,AK | Test Socket Adjustments,1393,0,2025-07-21T19:04:36Z,socket
-BMsQ5BPwmg,Real Life Prosthetics®,KAFO | Got Squeak? Don't Ignore the Noise!,1800,3,2025-07-10T15:49:26Z,
LZS6zO8lINI,Real Life Prosthetics®,BE | Naked Prosthetics Finger Ring Adjustments,2536,3,2025-07-02T18:45:21Z,
7IBVGGbDFuw,Amputee Aid | Restoring Hope. Reclaiming Lives.,Prosthetic Socket Fittings Explained: What Every Amputee Should Know | Life Amplified S2E9,248,1,2026-03-05T20:40:52Z,fit|socket
gEqBXtzusc4,Amputee Aid | Restoring Hope. Reclaiming Lives.,"Amputee Travel Tips: Flying, TSA Cares & Travel Hacks for Limb Loss | Life Amplified S2E11",21,0,2026-03-20T16:40:33Z,hack|tips
EsAM5jCdm9g,Amputee Aid | Restoring Hope. Reclaiming Lives.,Amputee Products You Can Use NO MATTER How Your Socket Fits,11,0,2025-11-21T16:24:35Z,fit|socket
nBraf57sfzU,Amputee Aid | Restoring Hope. Reclaiming Lives.,The Unexpected Prosthetic Liner That Fixed My Pain,0,0,2025-11-21T16:16:29Z,liner|pain
WwYeG9ki3Ho,Amputee Aid | Restoring Hope. Reclaiming Lives.,What happens when your prosthetic liner fit is WRONG,222,0,2025-11-21T16:15:11Z,fit|liner
0tNyB4nIebo,Amputee Aid | Restoring Hope. Reclaiming Lives.,"At-Home Fitness with UFC Gym: Adaptive Exercise, Strength & Mobility | Life Amplified S2E3",108,2,2026-01-22T20:16:07Z,fit
oefNI2dCbz0,Amputee Aid | Restoring Hope. Reclaiming Lives.,Life Amplified Webinar Ep.22 | Travel Tips for Amputees: Planning Accessible Adventures,65,2,2025-12-19T13:19:39Z,tips
sDAeH3qGsgM,Amputee Aid | Restoring Hope. Reclaiming Lives.,"S1E6 | Osseointegration Recovery: Carl’s Journey, Setbacks & Lessons Learned",55,2,2025-12-04T16:12:20Z,osseointegration
ynDka6XpB_0,Amputee Aid | Restoring Hope. Reclaiming Lives.,Life Amplified Webinar Ep.21 | Social Security Disability Benefits 101 for Amputees,89,1,2025-12-13T00:38:00Z,fit
jtD3Wb-3qYo,Amputee Aid | Restoring Hope. Reclaiming Lives.,"3-D Printing & the Future of Prosthetics: Innovation, Access & Custom Fit | Life Amplified S2E6",63,0,2026-02-12T19:39:35Z,fit
aKDlaAVbU7k,Amputee Aid | Restoring Hope. Reclaiming Lives.,"How to Get Free Stuff: Resources, Benefits & Support for the LLLD Community | Life Amplified S2E2",48,0,2026-01-17T16:25:58Z,fit
z3cOTGM5_D8,Amputee Aid | Restoring Hope. Reclaiming Lives.,Amputee Travel Hack: Your Prosthetic Supplies Fly FREE!,25,0,2025-11-21T16:24:48Z,hack
517g9lGCJ_Y,Amputee Aid | Restoring Hope. Reclaiming Lives.,"If your Liner gets infected, you MUST throw it away  Here's why",7,0,2025-11-21T16:23:42Z,liner
E39x4mcx1-0,Amputee Aid | Restoring Hope. Reclaiming Lives.,How Losing 30 LBS Changed My Prosthetic Socket Needs,3,0,2025-11-21T16:23:24Z,socket
CocOiJdLBDw,Amputee Aid | Restoring Hope. Reclaiming Lives.,I use a BELOW KNEE liner for my ABOVE KNEE prosthetic  Here's why,10,0,2025-11-21T16:23:08Z,liner
ICJoTx3R6jc,Amputee Charm,Choose an outfit suitable for going out.#amputee woman #dhd #beauty,6085,10,2025-12-25T09:30:16Z,fit
kH19ULikCY4,Amputee Charm,"No longer avoiding gazes, standing calmly in the light.#amputee woman #sak #beauty",6083,35,2026-02-13T18:31:09Z,
Sb4YxPd7-_w,Amputee Charm,"The body may bear its scars, but the heart still writes in light.#amputee woman #dae #prosthesis",8182,28,2025-12-22T16:15:08Z,
VGOMUNOqJ9w,Amputee Charm,"The body may bear its scars, but the heart still writes in light.#amputee woman #dak #beauty",9189,27,2025-12-28T08:30:16Z,
C4qQnPKoAFI,Amputee Charm,"Not copying the world’s steps, but carving a personal path.#amputee woman #shd #beauty",8590,25,2025-12-26T16:15:01Z,
73He4iD6BEY,Amputee Charm,Beauty is never taken away; it simply blooms in a new form.#amputee woman #shd #prosthesis,8469,23,2025-12-18T16:15:00Z,
2lf7W8vVIVo,Amputee Charm,"When fate closes a door, courage gently opens another window.#amputee woman #shd #beauty",8160,22,2025-12-17T16:15:00Z,
AUZ57mFVLXs,Amputee Charm,Loss did not take away charm—it gave it weight.#amputee woman #sak #beauty,5997,19,2026-01-31T08:30:05Z,
A490-0VhNM4,Amputee Charm,Every step is one of a kind.#amputee woman #sak #beauty,9680,19,2025-12-27T08:30:10Z,
AfV8tHSLDfk,Amputee Charm,"Yes, I fell once—but now I walk steadier.#amputee woman #shd #prosthesis",11008,19,2025-12-19T16:15:03Z,
TDm0edTl-2M,Amputee Charm,Using underarm crutches in winter makes your hands especially cold.#amputee woman #shd #beauty,5721,17,2026-01-18T17:15:06Z,
qTv4ApwVC3o,Amputee Charm,Repeated training forges a steadier strength.#amputee woman #dhd #beauty,10040,17,2026-01-02T17:15:04Z,
UKCc8YwEGmM,Amputee Charm,"One leg less, but the smile is still here. Life goes on.#amputeewoman #shd #beauty",6255,17,2025-12-24T16:15:04Z,
R1Ajj-qZhuM,Amputee Charm,"Not every day is easy, but every day deserves a smile. #amputee woman #sak #prosthesis",6014,17,2025-12-20T16:15:02Z,
sbaaD-nzy4I,Amputee Charm,"The world moves too fast,and I struggle to keep my balance.#amputee woman #sak #beauty",4053,14,2026-02-25T16:15:07Z,
qomCx_HJKOY,Amputee Hope,Unveiling the Secrets of Crafting a Prosthetic Leg!,40,0,2023-07-07T15:05:11Z,prosthetic leg
NeUzRCFP75U,Amputee Hope,Life-changing Prosthetic Care: Empowering Underprivileged Communities,40,0,2023-09-19T18:46:26Z,
Zlb8AQn8yoI,Amputee Hope,Unlocking Wellness Secrets for Amputees: 3 Easy Steps!,4,0,2023-07-09T21:00:16Z,
FWMBIWXfPWE,Amputee Hope,Provide Prosthetic Care For Yemeni Amputee in Need,53,0,2023-06-23T18:25:36Z,
2qdrP7-Rmo8,Amputee Hope,Turning Point: One Moment Changed My Life Forever | Amputee Hope,206,0,2023-06-06T15:18:29Z,
C1z4PeRT3K4,AMP Life,I wish you.DSD amputee 2021,49545,17,2021-01-08T12:15:00Z,wish
v0iZJNGus7Q,AMP Life,It’s kind of fun to do the impossible.leg amputee tidy up,64023,30,2021-01-12T09:15:03Z,
2UY00JyeuT0,AMP Life,Seeing is believing.double arm amputee 2022,41398,16,2022-05-22T12:44:11Z,
cEGJ3EkkeH8,AMP Life,DAK amputee Live Vlog 2020,33513,15,2020-11-28T09:15:02Z,
8e3QwFwfiPY,AMP Life,Seize the day.amputee model crutch walking +Live answer,21089,13,2021-01-14T12:15:01Z,
imirX9w27wI,AMP Life,Light tomorrow with today.amputee how to use crutches,24241,12,2020-11-25T09:15:01Z,
x2NS0Z5J1Ow,AMP Life,I know you can do it.asian amputee lifestyle 2021,21182,11,2021-01-11T09:15:05Z,
Rc9DdWwDjWk,AMP Life,You CAN have it all.AE amputee 2021,33676,10,2021-01-19T09:15:00Z,
H6Dl2zmUsLk,AMP Life,Hope is a state of mind.AK amputee with crutch,18289,10,2021-01-16T09:15:00Z,
uD0ujlCWsuA,AMP Life,Good vibes only.AE amputee Blogger,39377,10,2020-11-28T14:45:03Z,
qic3108z3bU,AMP Life,Live QandA below knee amputee,9033,10,2020-11-26T12:15:02Z,
rf4uz9TzMMU,AMP Life,Adversity is the first path to truth.AK amoutee put on an artificial leg,27825,5,2021-01-30T12:15:05Z,truth
pmtXlb7hiPA,AMP Life,Best wishes to you.amputee model 2021,11797,5,2021-01-05T10:00:13Z,wish
1GRcjL7w6TM,AMP Life,"Pain is short, and joy is eternal.above knee amputee 2020",7956,0,2020-11-25T12:15:01Z,pain
BbXWSfdG3dc,AMP Life,Live Q and A.Hip Disarticulation +BK amputee,32984,9,2021-01-08T09:15:01Z,
M9qCV7yq6Sw,Amputee Life,Duo Lagenda,72,0,2018-12-27T02:49:53Z,
Xb4vjNBf_R8,Amputee Life,Amputee Life - Dressing 3 weeks Post Amputation,1317,0,2018-12-26T17:45:24Z,
bAZaFd0thdU,Amputee Life,Amputee Life - Removal of stitches 1 month post amputation.,598,0,2018-12-26T17:41:23Z,
Tbfy5gDNtMg,Amputee Life,Amputee Life - Removal of stitches,770,0,2018-12-26T17:37:40Z,
H1NLPhZhPJk,Amputee Life,Amputee Life - 2 Days Post amputation done on 22nd Oct 18,843,0,2018-12-26T17:34:05Z,
lQbsOSFKvgs,Positive Vibes,"Above knee amputee on single crutch, very high amputation",9226,20,2024-09-10T07:25:17Z,
wto83pctSuI,Positive Vibes,Above knee amputee with accident scars,8118,18,2024-08-21T17:13:20Z,
GCAWhfKoTNU,Positive Vibes,SAK Amputee in jeans folded,3176,12,2024-11-14T04:06:55Z,
fngxrzYpvwo,Positive Vibes,SAK Amputee and prosthetic leg,1878,6,2025-10-15T18:05:30Z,prosthetic leg
BCi-fy3xpjk,Positive Vibes,Prosthetic leg above knee amputee,4210,4,2024-10-15T09:41:16Z,prosthetic leg
nqyzT6qxHJE,Positive Vibes,Wearing Prosthetic leg in the house,2941,3,2025-07-07T22:46:01Z,prosthetic leg
Po3J76QXr6M,Positive Vibes,Above knee amputee stump and prosthetic leg,4297,2,2024-12-19T08:55:13Z,prosthetic leg
FvcVbqW3J84,Positive Vibes,Above knee amputee with prosthetic leg,2851,1,2025-04-23T07:47:04Z,prosthetic leg
WpzseABR8EE,Positive Vibes,SAK AMputee and prosthetic leg. Big stump,1251,1,2025-01-02T07:38:51Z,prosthetic leg
ATEk8uj4pM0,Positive Vibes,Arm amputee doing her skin care routine,4044,1,2024-10-25T08:27:08Z,skin
0C51m2bln8k,Positive Vibes,Walking with Prosthetic leg and sandals,2196,1,2024-10-04T09:31:01Z,prosthetic leg
IP_1wtnBndU,Positive Vibes,HIP Amputee trying to walk with prosthetic leg,2002,1,2024-08-20T08:17:13Z,prosthetic leg
vBJzCX6L0EY,Positive Vibes,Cooking while walking with prosthetic leg,2903,0,2025-03-04T01:14:45Z,prosthetic leg
pUqQ5jiD9O0,Positive Vibes,HIP Amputee showing her old prosthetic leg,3389,0,2024-12-27T14:53:23Z,prosthetic leg
i1_eFlifvLI,Positive Vibes,Below knee amputee putting on prosthetic leg,2467,0,2024-12-17T07:02:00Z,prosthetic leg
hhSDQ7ZwLZo,Elective Amputation,Below the knee amputee falling on stairs with prosthetic leg #limbloss #legprosthesis #prosthetics,6843,16,2025-11-20T15:25:27Z,fall|prosthetic leg|stairs
rDBvrey9hvc,Elective Amputation,#anxiety #amputee #prostheticleg below the knee amputee cutting liner for prosthetic leg,19768,13,2025-12-04T16:53:49Z,liner|prosthetic leg
XTv5b9PHdLQ,Elective Amputation,Amputee running with prosthetic leg #weightlossjourney #accessibletravel #motivation #prostheticleg,2508,13,2025-11-30T15:12:53Z,prosthetic leg|running
S8Tr4JFqCuo,Elective Amputation,Below the knee amputee traveling the world with prosthetic leg #adaptivetravel,11825,30,2025-12-17T15:29:21Z,prosthetic leg
eRVuSG02tiw,Elective Amputation,Amputee traveling the world with prosthetic leg #amputee #artificiallimb #limbloss #prosthesis,9591,26,2025-10-31T10:04:51Z,prosthetic leg
_PBR7QZ5xgQ,Elective Amputation,Amputee with prosthetic leg traveling the world #amputee #limbloss #artificiallimb #limbdifference,2233,15,2025-10-29T16:38:39Z,prosthetic leg
u-DtPwJQI5Y,Elective Amputation,Amputee fixing rusty prosthetic leg in Vietnam #adaptivetravel,4649,13,2026-01-15T04:18:11Z,prosthetic leg
GgTF7dB2X1U,Elective Amputation,Amputee at the o ran with rusty bolts on prosthetic leg,3958,12,2026-01-09T04:17:15Z,prosthetic leg
HMSnoBhh9FM,Elective Amputation,Why use @ethnocare  overlay sleeve as an amputee with prosthetic leg?,4579,11,2026-03-07T14:24:09Z,prosthetic leg
sZw8A3FPOus,Elective Amputation,Amputee traveling the world with prosthetic leg #howtoliveahappylife #travel #lifecoach,1913,11,2025-11-12T14:43:04Z,prosthetic leg
UsSJcRTJ5is,Elective Amputation,Amputee using @ethnocare Overlay sleeve for prosthetic leg “it changed my life!”,5511,10,2026-01-10T16:03:52Z,prosthetic leg
9aI8e1J08QY,Elective Amputation,Amputee buys prosthetic leg in Vietnam. #medicaltourism #amputee #artificiallimb #adaptivetravel,5386,10,2025-11-10T07:32:51Z,prosthetic leg
YGod96xCRdY,Elective Amputation,Seriously is this dangerous? #amputee #prostheticleg,5796,25,2025-12-19T10:22:39Z,
NkVwgIBU-VU,Elective Amputation,Did you see the video of the dad not able to run after the stroller as it rolled into the road?,3117,11,2026-01-19T03:29:36Z,
J3Ze00y3H6c,Elective Amputation,Below the knee amputee running on the beach with a prosthetic leg,2403,9,2025-11-28T10:13:17Z,prosthetic leg|running
GdcEGHv-WD0,Keira Forsythe,2 YEAR AMPUTATION ANNIVERSARY: DAY OF AMPUTATION STORY,23947,15,2021-03-09T09:45:01Z,
JzH1xKu9Q9c,Keira Forsythe,A DAY IN THE LIFE OF AN AMPUTEE: PROSTHETICS DAY,8880,6,2021-04-23T08:01:45Z,day in the life
S1DEADA01uM,Keira Forsythe,YOU'RE AN AMPUTEE... NOW WHAT?!,24946,9,2021-03-19T10:30:06Z,
gz-tDiry0Z0,Keira Forsythe,EVERYTHING YOU'VE WANTED TO ASK AN AMPUTEE,13970,9,2021-03-01T11:44:25Z,
vxhRRM19MAA,Keira Forsythe,NEW PROSTHETIC UNBOXING,6945,4,2021-03-28T15:38:45Z,
mL7EItVDL9E,Keira Forsythe,REMISSION AND RETHINKING LIFE,4862,3,2021-06-11T08:56:32Z,
pKGoIyeeKFg,Prosthetic and Orthotics,Amputee Woman Walking in High Heels with Prosthetic Leg – Amazing Confidence,15819,17,2026-02-21T15:21:11Z,prosthetic leg
qfcC3mJLaWA,Prosthetic and Orthotics,From Casting to Bracing: Clubfoot Success! ✨,288390,25,2026-03-15T16:26:15Z,
U-oNVduR6AY,Prosthetic and Orthotics,Silicone Prosthetic Toes Restore Normal Walking | Inspiring Recovery Story #nevergiveup #neverends,27532,10,2026-02-06T16:05:40Z,
Q0XE6hIv-wU,Prosthetic and Orthotics,Beautiful Girl Walking with Above Knee Prosthetic Leg | True Strength 💪 #toeproblems #crosslegged,12115,7,2026-02-17T15:35:04Z,problems|prosthetic leg
joYo50dIeQg,Prosthetic and Orthotics,Double Below Knee Amputee Girl Running with Prosthetic Legs | Unstoppable Inspiration 🦿 #upwithher,12152,5,2026-02-20T14:58:32Z,prosthetic leg|running
8MsTJN5Uz5A,Prosthetic and Orthotics,Above Knee Amputee Girl Climbing Stairs with Confidence | Prosthetic Leg Power 💪 #prosthetics,12971,3,2026-02-16T15:54:58Z,prosthetic leg|stairs
M-g0LPBxa3Y,Prosthetic and Orthotics,Prosthetic Leg Casting for Above Knee Amputee | Artificial Limb Fitting Process Step by Step,2800,2,2026-03-08T14:47:45Z,fit|prosthetic leg
qMQMY-cwMr8,Prosthetic and Orthotics,Advanced Silicone Prosthetic Hand Fitting | Above Wrist Amputation Transformation #nevergiveup,2513,0,2026-03-07T16:15:21Z,fit|prosthetic hand
0k3lKxBDvJc,Prosthetic and Orthotics,Walking Strong with Bilateral Below-Knee Prosthetic Legs #nevergiveup #artificiallimb #legdrop,16883,7,2026-02-13T15:19:41Z,prosthetic leg
Tr21aRQTUDk,Prosthetic and Orthotics,From Wheelchair to Confidence 👑 | Below Knee Prosthetic Legs Amazing Transformation,16566,6,2026-02-11T15:21:04Z,prosthetic leg
JWFvh4X4D0I,Prosthetic and Orthotics,Above Knee Double Amputee Walking with Prosthetic Legs | Inspiring Disability Transformation Story,17812,5,2026-02-14T15:31:33Z,prosthetic leg
5Tun7vz269Q,Prosthetic and Orthotics,From Wheelchair to Hiking Trail | Double Amputee Woman Walking with Prosthetic Legs | Never Give Up,1456,4,2026-03-20T16:06:05Z,prosthetic leg
4WJkq48P228,Prosthetic and Orthotics,Artificial Eye Fitting Process | Lost Eye Replacement with Prosthetic Eye | Inspiring Medical Story,1581,4,2026-03-10T19:39:44Z,fit
laCx4KJ6w5k,Prosthetic and Orthotics,"She Lost Her Leg, Not Her Strength | Amputee Mother Walks with Prosthetic Leg Holding Her Baby",5673,4,2026-02-08T15:19:21Z,prosthetic leg
NadB_kh5gNI,Prosthetic and Orthotics,inspiring amputee Double Above Knee Amputee Walking Again | Bilateral Prosthetic Legs Journey,3400,3,2026-03-12T04:39:45Z,prosthetic leg
mLRA4lY-IyU,She Opines,"Phantom Pain, It’s Real! Demonstration.",2064,18,2018-05-04T00:14:39Z,pain|phantom
ZkJGpHMBm5I,She Opines,Amputee Gel Liners,7307,11,2018-01-25T23:56:06Z,liner
YC596uwxIG8,She Opines,Amputee Prosthetics 101,17840,20,2018-03-03T04:19:15Z,
lSneLCW2ULs,She Opines,AMPUTINA! Amputee Humor.,13791,16,2018-02-18T23:25:30Z,
VHcHfW4M5mo,She Opines,One Legged Real Life,65536,15,2018-02-04T00:53:45Z,
4H3ebqvZ4Lk,She Opines,SHE Reveals the LEG!,22177,14,2018-01-08T00:20:00Z,
fJEB64u9yrA,She Opines,A flying amputee!!,10215,12,2018-01-11T20:55:56Z,
Sks8Q27GJfw,She Opines,Amputee answers. Your questions and comments welcome. . #amputation #amputee  #advise #peersupport,333,1,2025-12-28T22:26:16Z,questions
2AQAT601jNE,She Opines,My Movie 2,1673,9,2018-12-07T23:10:51Z,
ujZTXscdKYE,She Opines,Amputation Story Why they cut off my Leg!!,4634,8,2018-01-31T21:52:48Z,
2z8fGmSFqik,She Opines,Amputee ABC’s putting on a Leg,4086,5,2018-05-31T15:48:44Z,
_7LVV1TJetg,She Opines,One Leg Driving (with Left),5359,3,2018-04-14T18:54:35Z,
nSnc1jLWoOE,She Opines,Amputee Humor!,3287,3,2018-01-08T02:35:11Z,
um0ESJ3qc58,She Opines,Special houseguest. Indaway.,268,2,2025-11-21T20:48:26Z,
tgEJKi5aOoU,She Opines,Amputees and Support,1366,2,2018-03-17T15:23:25Z,
Vl1VAc_SvN0,Amputee Wisdom,"Amputee Wisdom Ep1 (Part 2 of 2): Stephen Fine, Prosthetic Technician",281,3,2019-09-04T18:58:07Z,
LIwopaGrYK8,Amputee Wisdom,"Amputee Wisdom Ep1 (Part 1 of 2): Stephen Fine, Prosthetic Technician",430,2,2019-08-21T18:01:47Z,
3Vv9XGXjbbA,Amputee Wisdom,Amputee Wisdom Series,919,2,2019-07-18T17:56:26Z,
PoRazWLXGrM,Amputee Wisdom,Amputee Wisdom Episode 3- Travis Pollen,328,1,2019-10-11T01:58:55Z,
d7yrnXEaXSM,Amputee Wisdom,Amputee Wisdom Episode 1 Trailer: Stephen Fine,142,1,2019-08-14T14:01:21Z,
d9h5MqBw6cw,Amputee Wisdom,Amputee Wisdom Episode 5 - Glenn Barfield (Part 3 of 3),83,0,2020-05-13T16:00:31Z,
4auTsbvHJ-U,Amputee Wisdom,Amputee Wisdom Episode 5- Glenn Barfield (Part 2 of 3),80,0,2020-04-22T18:09:07Z,
voee9tdlIHI,Amputee Wisdom,Amputee Wisdom Episode 5- Glenn Barfield (Part 1 of 3),138,0,2020-04-15T18:00:15Z,
YvPIt3mGUkA,Amputee Wisdom,Amputee Wisdom Episode 4 (Part 2 of 2): Kirsten Seeger,2123,0,2020-03-26T16:00:20Z,
KrAYuq5DcLs,Amputee Wisdom,Amputee Wisdom Episode 4 Trailer: Kirsten Seeger,493,0,2020-03-25T23:41:30Z,
WJsxrCMF_KY,Amputee Wisdom,Amputee Wisdom Episode 4 (Part 1 of 2): Kirsten Seeger,1944,0,2020-03-18T18:00:03Z,
MuTkBoBReFc,Amputee Wisdom,Amputee Wisdom Episode 3 (Part 2 of 2): Travis Pollen,347,0,2019-11-06T18:38:13Z,
FBz1TpesF4g,Amputee Wisdom,Amputee Wisdom Episode 3 Trailer: Travis Pollen,284,0,2019-10-15T16:22:10Z,
ldawiehW0Uw,Amputee Wisdom,"Amputee Wisdom EP2 (Part 2 of 2): William (Bill) Spiker, Welded Steel Artist",333,0,2019-10-02T15:10:44Z,
ucShNuVsCr4,Amputee Wisdom,Amputee Wisdom Episode 2 Trailer: William (Bill) Spiker,51,0,2019-09-18T17:48:10Z,
dyydjMCgKsg,Amputee Angie,Things they don’t tell you when you become an amputee #amputee #limbloss #phantompain #nervepain,2911,10,2022-12-14T00:33:03Z,pain|phantom
I7w1Qybrepc,Amputee Angie,Amputee getting down the stairs #belowkneeamputee #amputee #creative #disability #prosthetic,20641,19,2023-06-08T02:22:23Z,stairs
-dYBURQtO1c,Amputee Angie,People keep asking how I sit in the iwalk #iwalk #amputee #belowkneeamputee #prostheticleg #amplife,9425,12,2023-04-30T16:29:03Z,skin
tPEBGi3Ect4,Amputee Angie,How I get in a tall bath #amputee #belowkneeamputee #amputeewomen #adapt #shower #amputeetricks,4751,10,2023-08-05T17:00:49Z,shower
Hqj84xCVHv0,Amputee Angie,New Device for amputees stand in shower #liquidlimbs #amputee #mobility #disabled #stand #prosthetic,13144,10,2023-04-12T03:40:12Z,shower
fZcIQ8y37zw,Amputee Angie,How I put on a vacuum prosthetic #prosthetic #prostheticleg #belowkneeamputee #legs #amputeewomen,41487,69,2023-05-01T14:01:49Z,
4sdE9ElONzs,Amputee Angie,Amputee swim #amputee #prosthetic #liquidlimbs #belowkneeamputee #swim #summer #pool #amputeewomen,13558,19,2023-06-19T01:04:30Z,
Q9lUmMwntdE,Amputee Angie,The iwalk has changed my life as an amputee. #amputee #iwalk #limbloss #disabled #belowkneeamputee,14802,15,2023-01-31T21:31:16Z,
ZuOVcoDgBdE,Amputee Angie,"If someone told me I would be here now, it wouldn’t have been as hard. #amputee #belowkneeamputee",7814,12,2023-01-30T23:55:32Z,
veWnGuBuFyY,Amputee Angie,Amputee overlay instead of adding socks when you lose volume @ethnocare #amputee #belowkneeamputee,5081,11,2023-04-15T01:26:56Z,
smt5YjbermI,Amputee Angie,Amputee hate when people call it a stump #amputee #belowkneeamputee #stump #prosthetic #funny #laugh,5858,11,2023-03-16T03:56:55Z,
yohQ1qn9OrI,Amputee Angie,Amputee running for the first time on my levitate blade. #amputee #run #levitate #happy,2573,8,2023-02-09T02:29:52Z,first time|running
8ebhyNM_8ko,Amputee Angie,Amputee using ethnocare overlay @ethnocare #amputee #liner #prosthetic #socket #belowkneeamputee,4209,5,2023-04-15T20:59:25Z,liner|socket
IDCWHFIgMWw,Amputee Angie,Amputee running blade #amputee #amputeefitness #adaptiveathlete #run #prosthetics #runningblade,2835,4,2023-04-22T17:42:58Z,fit|running
Q08PKet6U_w,Amputee Angie,New Amputee advice #amputee #limbloss #amputeelife #prosthetics #prostheticleg #amputeelife,2392,4,2022-12-28T18:52:46Z,advice|new amputee
VKeyxSyNark,AmpLift - Amputee Fitness,It took years of work to get here. #rollerskating #jamskating #amputee #limbloss #fitnessmotivation,9289,13,2024-04-17T22:49:29Z,fit
QzS6dbRQCLY,AmpLift - Amputee Fitness,Prosthesis Balancing is the Foundation! #limbloss #rollerskating #amputeefitness,1244,2,2024-04-16T00:08:36Z,fit
SG5P61tLqU0,AmpLift - Amputee Fitness,Roller skating on a prosthetic leg,1234,1,2025-02-26T23:11:30Z,prosthetic leg
ETzuH12nDTM,AmpLift - Amputee Fitness,"Workout Your Prosthetic Leg Side: Deadlift, Switch Hands Halfway #limbdifference #abovekneeamputee",640,1,2024-04-30T00:26:50Z,prosthetic leg
3k6fTHHZzio,AmpLift - Amputee Fitness,Most amputees are squatting wrong—and it’s wrecking their backs! #amputeefitness #abovekneeamputee,1191,0,2025-05-07T21:48:01Z,fit
dNY5V_LzGXM,AmpLift - Amputee Fitness,How to build a prosthetic leg in less than 30 seconds #prostheticleg #prosthesis #abovekneeamputee,2107,0,2025-05-03T20:51:40Z,prosthetic leg
YxxetoS670w,AmpLift - Amputee Fitness,Don’t only train your sound side! New programs coming soon! #AmputeeFitness #AdaptiveTraining,83,0,2025-03-11T18:15:39Z,fit
gPpzKk4O9M4,AmpLift - Amputee Fitness,Who needs 2 legs for leg day? @Physical Wellness Solutions 🔥 🚀 #adaptivefitness #prosthesis,56,0,2025-03-06T01:30:52Z,fit
uShpo5aGIlg,AmpLift - Amputee Fitness,How to Do Anything on a Prosthetic Leg - Single Leg Hip Hinge #prostheticleg #limbloss #llldam,506,0,2024-04-21T22:36:45Z,prosthetic leg
yoYGa4UoEJk,AmpLift - Amputee Fitness,I love skating! #rollerskating #jamskating #limbloss #amputado #fitnessmotivation,477,0,2024-04-21T18:19:10Z,fit
Hsw72YBKJlk,AmpLift - Amputee Fitness,How to Lunge on Your Prosthesis! (I’ll go more in depth later) #llldam #ampstrong #amputeefitness,535,0,2024-04-16T00:34:50Z,fit
DtNU-LR0Nck,AmpLift - Amputee Fitness,Upper Body Strength Helps You Catch Yourself When You Fall!!! #llldam #amputee #limbloss #ampstrong,472,0,2024-04-16T00:10:33Z,fall
tjGGKjfRmNE,AmpLift - Amputee Fitness,"Don’t Be Afraid to Try, I Used to Think This Was Impossible! #rollerskating #llldam #amputee",7016,7,2024-04-15T23:46:28Z,
XeEiWsH6vj0,AmpLift - Amputee Fitness,Above Knee Amputees - DON’T keep your prosthetic foot flat when you SQUAT!,130,6,2023-01-04T22:59:47Z,
YqH2Nu9HsyY,AmpLift - Amputee Fitness,I thought skating with a prosthetic was impossible… until it wasn’t. Fell. Failed. Figured it out.,1254,2,2025-05-15T17:23:09Z,
yM17twu99A8,AmputeeLife,How I put my prosthetic leg on!,83343,53,2012-06-15T22:39:15Z,prosthetic leg
cS9QMVZQFkw,AmputeeLife,AMPUTEELIFE || I CAN RUN AGAIN!!,12641,31,2012-11-16T03:25:15Z,
VdS_fHLbB2c,AmputeeLife,New prosthetic with a floral pattern!,30712,31,2012-06-21T02:51:30Z,
9-sV4UjuQSY,AmputeeLife,AmputeeLife | HOW DO YOU FEEL ABOUT FETISHISTS?,15276,27,2013-02-05T20:41:45Z,
1cPT7phQPpo,AmputeeLife,Ask An Amputee!,24470,23,2012-10-05T02:52:06Z,
7laxy1TNhjw,AmputeeLife,Just an update,129196,21,2012-01-17T22:20:48Z,
sLnFLAZmTt4,AmputeeLife,"AmputeeLife || HAPPY BIRTHDAY, STUMPY",10405,20,2012-12-29T02:40:46Z,
lA0TNNgzvTY,AmputeeLife,Goodbye Wheelchair,27026,20,2012-02-28T05:12:50Z,
g4-88jhcW0k,AmputeeLife,AmputeeLife | YOU'VE GOT TO BE KIND,5046,18,2013-02-05T21:52:00Z,
H3rsUA0zqcI,AmputeeLife,"AMPUTEELIFE || The Story Behind ""Stumpy""",11645,18,2012-11-13T01:58:48Z,
HBoTBFKlTHw,AmputeeLife,Sorry I've been missing!,12764,18,2012-05-02T02:50:15Z,
hpSVE_nJxJM,AmputeeLife,The Flexibility Of A TKA/Ask An Amputee,28611,17,2012-09-20T22:04:07Z,
YalHgVr7AM8,AmputeeLife,Reaching Out To Other Amputees,16586,16,2012-02-28T00:10:05Z,
f-X3n4NDYns,AmputeeLife,A Formal Introduction,35508,15,2012-02-12T18:44:13Z,
1Ibl7oiLmcY,AmputeeLife,AmputeeLife | The Dreadful Side of Devotee Interactions,16533,12,2014-02-11T16:47:23Z,
BekiBmqY76E,An Amputee Designs,When someone ask if my prosthetic is custom. By An Amputee Designs. Shop on Etsy: AnAmputeeDesigns,152,1,2026-03-09T21:18:51Z,
oZGc5fn3vtE,Peg Leg Meg,"I was funny before I lost my leg, but now I’m even funnier #amputee #fyp #limbloss #dailyvlog #vlog",15890,20,2025-01-27T02:51:50Z,
nqKxZlhC6gI,Peg Leg Meg,I had my leg amputated 1 week after my wedding!  | Q&A,802,6,2025-02-02T09:30:54Z,Q&A
Ihg8bprGOXE,Peg Leg Meg,"My wife helped me take my prosthetic leg off, for the second time ever! #amputee #prosthetic #funny",5303,3,2025-09-09T12:23:16Z,prosthetic leg
x-GkGKY1Sm8,Peg Leg Meg,Life Update 2026 | Answering Your Most Asked Questions,142,1,2026-01-19T09:55:05Z,questions
vc60YZDMD5M,Peg Leg Meg,Day in the life | Amputee edition,573,0,2026-02-08T07:04:42Z,day in the life
pGXdwmC93X0,Peg Leg Meg,Day in the Life of an Adaptive Athlete | Para Sitting Volleyball Camp at the AIS 🇦🇺🏐,178,0,2025-10-09T05:22:30Z,day in the life
_oS2RaI0H2I,Peg Leg Meg,Getting a new prosthetic leg! #prosthetic #amputee #recovery #amputeelife,2055,0,2025-09-29T10:56:19Z,prosthetic leg
gowrSUCpaq4,Peg Leg Meg,My first beach day only 8 weeks after having my leg amputated 🦿🌊   #amputee #amputeensw #llimbloss,1554,8,2025-01-10T12:25:37Z,
zROE6l6yaRw,Peg Leg Meg,Our first upload! | Amputee Weekly Vlog,2090,7,2025-01-17T04:00:46Z,
jjPQua3WgQE,Peg Leg Meg,Amputee Travels | We visit Melbourne and Australian Open!,517,5,2025-01-27T02:45:51Z,
FSehrl6oJJc,Peg Leg Meg,4 Month post amputation update ✨🦿 #amputee #amputeejourney #recovery #danceparty #dayinmylife #fyp,497,4,2025-02-21T04:56:46Z,
8rqw6dsMrc8,Peg Leg Meg,Think of your amputee friends this summer 😂🔥 So. many. layers. #amputee #journey #summer #pov #nsw,6564,3,2025-12-19T11:27:08Z,
abbyYVIgsTo,Peg Leg Meg,Travelling to Thailand on Our Long Awaited Honeymoon | Newlyweds & Amputee 5 Months Post-Op - PART 1,562,3,2025-04-03T08:18:17Z,
WDh235IaOOo,Peg Leg Meg,“In sickness and in health” 😂 #amputee #amputeejourney #recovery #dayinmylife #BLA #LBKA #limbloss,6585,3,2025-04-01T14:13:34Z,
qugOtV32Yj8,Peg Leg Meg,My amputee story,2943,3,2025-02-25T09:22:39Z,
9bvpqIvUMww,Limb Life,LIMB LIFE GEL INSOLE WITH MEDIAL ARCH SUPPPORT | FOOT PAIN |#insoles #footpain #archsupport  #doctor,522,2,2025-11-04T18:25:36Z,pain
tw5QLx02z-s,Limb Life,"No matter how strong pain and sadness I have inside, still the desire to enjoy life 💪 #motivation",234,2,2023-10-07T18:34:44Z,pain
dGU2I1ypnVg,Limb Life,Sciatic Pain Relief in 30sec with this Excercise #sciatica #sciaticapainreliefexercises #viral,137,1,2025-11-08T16:12:36Z,pain
qi_w8E4ZoZM,Limb Life,My First Day as a Doctor (Starting Life as a P&O Intern!) | Dr. Roshan Lal Prasad,153,6,2025-11-26T00:25:00Z,
zm28k5GCGF8,Limb Life,LIMB LIFE WALKING STICK (Designed by doctors) #walkingstick  #trending #viral #viralshorts #doctor,851,2,2025-11-03T13:13:29Z,
Wwjc89Dbfdw,Limb Life,Life of an Amputee girl #amputee #strong #trending #peace #dayinmylife #vlog #love #aesthetic #new,464,0,2025-11-13T18:00:23Z,
tltXSvFufno,Limb Life,LIMB LIFE MANUFACTURES ALL TYPES OF #prosthesis #orthosis #assistivedevices & #medicalequipment,124,0,2025-11-12T18:22:33Z,
7tc4hLveThA,Limb Life,Below knee prosthesis making process #prosthesis #viral #trending #trendingshorts #legprosthesis,602,0,2025-11-11T17:41:01Z,
VYFya5Be1W0,Limb Life,FRACTURE BRACES | BRACE | SPLINT #splint #braces #orthosis #viral #trending #fyp #trendingshorts #1,155,0,2025-11-10T18:00:28Z,
Dk88GkHSavc,Limb Life,GIRL AMPUTEE MODEL MAKES HER DREAM TRUE | Transformation | #viral #trending #shorts #trendingshorts,463,0,2025-11-10T14:45:50Z,
iq6K70wCXm0,Limb Life,BACK HUMP TREATMENT | KYPHOSIS TREATMENT | LIMB LIFE ASH BRACE #kyphosis #ashbrace #viral #braces,319,0,2025-11-09T18:16:41Z,
JKZkERpD1IQ,Limb Life,LIMB LIFE LUMBOSACRAL BELT (Designed by Doctors) #lumbosacralbelt #viral #assistivedevices,363,0,2025-11-07T17:35:30Z,
a9oMx7V3lDg,Limb Life,A Day at the Constitutional Club of India |IPO | Prosthetic & Orthotic day 5th Nov #ipod #newdelhi,467,0,2025-11-06T14:42:09Z,
oXZ5Q9LEH5U,Limb Life,Walking stick promo,82,0,2025-09-28T09:05:59Z,
x8uSwzcQR68,Limb Life,International Prosthetic & Orthotic Day (5th November).         @Limblife @ottobock,94,0,2023-11-04T17:15:27Z,
c6LNKnOXjeU,Lawall Prosthetic and Orthotic Services,How to put on an above knee pin liner,198,0,2025-07-07T23:04:58Z,liner
FsSnsq9Qp2g,Lawall Prosthetic and Orthotic Services,How to put in an above knee prosthetic suction gel liner,411,0,2025-06-23T14:12:27Z,liner
dvUQpn5gWL8,Lawall Prosthetic and Orthotic Services,"Join us for our 2nd Amputee CrossFit Clinic on Saturday, July 12 at 10:30 AM at AMP’D Fitness",50,0,2025-06-23T13:50:34Z,fit
X4LZbUu_KKM,Lawall Prosthetic and Orthotic Services,TeamLawall and AMP'D Fitness,113,0,2025-01-22T11:41:58Z,fit
rQ80uyM2o_o,Lawall Prosthetic and Orthotic Services,Below Knee Amputee: How to Roll on a Gel Liner,85017,0,2024-10-22T14:07:33Z,liner
VY8qRkx8VD8,Lawall Prosthetic and Orthotic Services,Below Knee Prosthetics Putting on a Gel Liner,87,0,2024-10-22T12:45:14Z,liner
tBdt16P8naQ,Lawall Prosthetic and Orthotic Services,Ossur Unity Sleeveless Vacuum Socket System,636,0,2021-01-18T18:14:45Z,socket
w9OVHzXXdTk,Lawall Prosthetic and Orthotic Services,TeamLawall: CrossFit January,77,0,2020-01-29T14:09:42Z,fit
vqQOW7fKxnc,Lawall Prosthetic and Orthotic Services,lawall running,179,0,2019-03-29T00:08:49Z,running
Brq_C_-gXMM,Lawall Prosthetic and Orthotic Services,Matt's New Running Legs!,418,0,2019-03-26T15:48:51Z,running
j3Ym6eflqt8,Lawall Prosthetic and Orthotic Services,casting AFO,1157,1,2021-01-29T16:48:43Z,
BnHslAQV1tY,Lawall Prosthetic and Orthotic Services,Putting on a Prosthetic with a Suspension Sleeve,36,0,2026-02-24T16:20:00Z,
CY-fy4f9Dm4,Lawall Prosthetic and Orthotic Services,EmpowerED How to put on a dynamic night-time MAFO,12,0,2026-02-18T11:16:24Z,
0dtEWh_XHVQ,Lawall Prosthetic and Orthotic Services,EmpowerEd How to put on a Denver T Articulating AFO With Inner Boot.,20,0,2026-02-10T12:34:16Z,
c9H2XWT3WO4,Lawall Prosthetic and Orthotic Services,EmpowerEd How to put on an Articulating MAFO With Inner Boot,17,0,2026-02-09T19:50:27Z,
lFpJHmIdhis,One Leg is Enough,Crutch tutorial. 3 different styles. What’s your go to and why? #amputee #mobility #crutches,23316,42,2025-07-10T16:22:00Z,
cA9DfqbklRA,One Leg is Enough,"Keeping my prosthesis on in heat! Remember, One leg is enough! #prosthesis #skinfit #sweat",1062,1,2026-02-26T19:52:24Z,fit|heat|skin|sweat
KFlBtRh9nEA,One Leg is Enough,Too big already!! Socket update! #amputeelife #skinfit #socket #prosthetist,2282,3,2025-10-21T17:56:53Z,fit|skin|socket
zaTlLGwSaQI,One Leg is Enough,Day 4 Post-Op! Insurance madness and discharge! #amiprocedure #phantompain #revisionsurgery,487,0,2025-06-24T23:37:08Z,insurance|pain|phantom
IOzzpIm72Ao,One Leg is Enough,Update: A Painful Weekend and Finding My Grit #checksocket #postrevisionsurgery #amiprocedure,1850,6,2025-08-05T00:50:56Z,pain|socket
Xzz85maEjco,One Leg is Enough,Let Me Clarify Test Socket and Pain,3022,2,2025-08-05T17:21:08Z,pain|socket
h2S4H3zSwCI,One Leg is Enough,Update: We are at the final stage! Painting and decals time!!! I can’t wait! #sockets #socketdesign,1076,0,2025-09-23T02:38:42Z,pain|socket
jiETtrKwxUg,One Leg is Enough,Day 3 Post-Op! Major changes happened today!!! #amiprocedure #phantompain #painmeds #amputeelife,439,0,2025-06-24T00:57:03Z,pain|phantom
Y1aNebhht9Q,One Leg is Enough,Day 3 of testing in the books and I have phantom pain!  Oh my! #amputeelife #mitmedialab #coding,327,0,2025-06-18T23:20:43Z,pain|phantom
WHSl4-ZKoGE,One Leg is Enough,We made it! I finally have my full leg and socket in my hands!!! And I LOVE IT!!! #amputeelife,795,4,2025-09-25T00:08:20Z,socket
Z4XsuKTw6oI,One Leg is Enough,Update: Next test socket and so much better feeling!! let’s go!! #amputee #testsocket #amputeelife,928,3,2025-08-08T17:31:20Z,socket
Jr9tCMzpw8I,One Leg is Enough,Update: I have 2 legs again!!! Woot woot!!! #amputeelife #testsocket  #amputee,2154,3,2025-08-02T02:47:12Z,socket
mBtALOCxIT4,One Leg is Enough,What I Wish the World Knew :Part 1,177,3,2025-03-27T12:00:47Z,wish
nwyuSe5qEx0,One Leg is Enough,Update: The joys of designing the look of a new socket! #socketdesign #amputeelife #journey,2290,2,2025-08-23T17:13:32Z,socket
sOpQ-sPY64Q,One Leg is Enough,"Update: Casting done, test socket is next week! #revisionsurgery #amputee #process #AMIprocedure",2148,2,2025-07-26T16:30:38Z,socket
-b4BEGkVGks,The Handicap Hunter,The best prosthetic for an amputee outdoorsman,35208,117,2020-05-29T06:32:24Z,
5n6q82PLYhg,The Handicap Hunter,Making Furled Leaders,34019,41,2020-02-11T21:51:56Z,
LUgw_MzNwxI,The Handicap Hunter,Amputee life: the struggle of an amputee fly fisherman.,1534,17,2020-04-30T03:56:01Z,
HMFT9n0gasQ,The Handicap Hunter,One year as an amputee,1217,10,2020-07-24T16:21:41Z,
a-fBIG3XK7U,The Handicap Hunter,2020 Early AZ Mule Deer Archery,1353,8,2020-10-14T18:40:45Z,
q01aayZjw4c,The Handicap Hunter,California Rifle Hunt 2020; one year after my amputation,493,7,2021-01-13T23:01:38Z,
Ew5o_Hu0LQA,The Handicap Hunter,My first deer hunt as an amputee Handicap Hunter,645,7,2019-12-07T05:06:05Z,
Zb2asdA45yE,The Handicap Hunter,limb salvage and amputation recovery,1156,6,2020-07-24T15:54:56Z,
4QN4zEtV9OA,The Handicap Hunter,Amputee life: Archery Coues Deer Hunting Hunting 2019 Video 2,472,5,2020-01-22T06:48:32Z,
-PyitRubozw,The Handicap Hunter,Amputee Coyote Hunting,455,4,2019-12-26T22:00:01Z,
KmBODY_BqnM,The Handicap Hunter,Amputee life: December Quail Hunting: Handicap Hunter,221,4,2019-12-14T07:00:02Z,
3ZbMpKkEWsw,The Handicap Hunter,Amputee life: Archery Coues Deer Hunting 2019 Video 1,497,3,2020-01-08T09:08:58Z,
QCSduxYiPzE,The Handicap Hunter,Fly Tying: Olive Stonefly Nymph,813,2,2020-04-07T21:58:05Z,
bX4LkUJiJlA,The Handicap Hunter,My Wife's first coues hunt,667,1,2021-01-14T19:16:52Z,
KxS6rb4MEas,The Handicap Hunter,2020 Dove Hunting opening day,159,1,2020-09-16T04:19:48Z,
ayrmMpheZbk,Rosina's vlogs,After long time ❤ #amputee #rosina #amputada #amputados #crutches #oneleg #germany,7427,12,2025-01-07T18:39:35Z,
29oTDUwRJJg,Rosina's vlogs,Rosina's Vlogs 03: RAK amputee washing clothes,3838,11,2024-07-22T11:14:54Z,
OnvZtu1Su7I,Rosina's vlogs,Rosina walking on crutches #amputada#amputee#crutching#germany#oneleg#rak#crutches#polio#hopping#sak,13446,11,2024-06-28T12:35:03Z,
RrNkYtjfvJI,Rosina's vlogs,Rosina's Vlogs: Intro video #amputerit #love #crutching #rak #amputee #oneleg #germany #amputada,8608,10,2024-06-27T17:44:29Z,
7mWfktdwnLM,Rosina's vlogs,Rosina's vlogs 02: RAK amputee in the kitchen,10162,9,2024-07-08T09:41:42Z,
YwkSu9vUnR0,Rosina's vlogs,Rosina's crutching #amputada #fashion #amputea #amputados #oneleg #devotees #amputee #crutches #leg,8836,8,2025-02-15T17:21:58Z,
3Pke9rvQLbA,Rosina's vlogs,Rosina's Vlogs 01: RAK amputee rosina sweeping.,11207,7,2024-07-04T03:57:07Z,
2VLLRET-dRE,Rosina's vlogs,Amputee rosina as a hair dresser. #amputada #dress #amputea #amputados #limbdifference #prosthetics,2928,3,2025-02-05T02:29:14Z,
ivs3aIgPoEM,Team Tillges,Bioness L300,32617,20,2009-05-28T18:53:42Z,
cLGl6dC-yJ0,Team Tillges,Below Knee Amputee Weightlifting,11670,14,2014-06-05T18:31:04Z,
d_vOtf3EjVE,Team Tillges,Putting the X2 through its paces,40017,14,2012-03-05T21:14:02Z,
SEPAEX4j2RQ,Team Tillges,Below the Knee Amputee Running,5854,3,2009-09-11T23:14:58Z,running
djWf79XDc9U,Team Tillges,Hip Disartic Prosthesis Check Socket,21982,2,2011-11-21T16:20:17Z,socket
Z7MpqOhO6eo,Team Tillges,Training with Genium® Knee - Walking Up Stairs,2653,1,2013-03-30T01:49:32Z,stairs
NlbpvjfuQ_A,Team Tillges,Above Knee Amputee Running,4330,1,2012-08-08T15:48:37Z,running
lQX5daDbOcg,Team Tillges,Finished HiFi socket first run,593,0,2013-10-18T18:12:53Z,socket
fq0Th2LDOag,Team Tillges,Training with Genium® Knee - Walking Down Stairs,715,0,2013-03-30T01:03:52Z,stairs
LP77NitH3pA,Team Tillges,Training with Genium® Knee - Walking,15303,7,2013-03-29T20:42:08Z,
i6_-YjqfdKU,Team Tillges,Paraplegic Walking With the Assistance of an RGO,32601,7,2012-08-09T21:25:03Z,
qVW1QEUrTEs,Team Tillges,Arm amputee Knitting and Crocheting,6838,5,2018-12-12T16:46:44Z,
rD8-ytByI3E,Team Tillges,Iraq War Vet With New Military Collaborated Prosthetic Knee,23967,5,2011-12-21T16:02:20Z,
aZWZwEXaYng,Team Tillges,Ossur Power Knee Prosthetic,8800,3,2017-03-23T13:12:54Z,
3J5I46TF_h4,Team Tillges,Ottobock Helix Hip First Walk,13697,2,2011-11-14T14:51:22Z,
6uJTHZV7iDo,Prosthetix Shop,Staying fit while enjoying Mother Nature with a prosthetic leg!,355,2,2022-09-08T19:43:49Z,fit|prosthetic leg
_dGo7ypuYiI,Prosthetix Shop,Prosthetix Shop Workout - Can You Do This with Your Prosthetic Leg?,454,2,2022-07-18T21:05:12Z,prosthetic leg
6ZOgxr0YPRg,Prosthetix Shop,Prosthetix Shop at Ossur +CAF Running & Mobility Clinic 2023! #prostheticleg #amputeestrong,293,0,2023-10-06T14:18:40Z,running
oBunWVO8WkM,Prosthetix Shop,Prosthetix Shop: Virtual Class for Kids - Measurements & Alignment for Proper Gait w/Prosthetic Legs,18,0,2022-07-18T21:35:13Z,prosthetic leg
hNC2sQW15dY,Prosthetix Shop,"Prosthetix Shop Intro: Prosthetic Legs & Arms for Amputees in Cincinnati, Northern KY & Columbus",421,0,2013-10-29T13:45:34Z,prosthetic leg
hCQAvYUwDQA,Prosthetix Shop,Adaptive Amputee Cycling with Prosthetix Shop!,180,1,2023-09-01T13:16:51Z,
qjYZTSmO_sc,Prosthetix Shop,Prosthetix Shop - New Leg Day (Part I)! Destination Prosthetics,116,1,2022-07-18T20:47:27Z,
Shoa5RJtKeg,Prosthetix Shop,Andrew M's Story: Thriving as an amputee & his eXperience at Prosthetix Shop,55,0,2023-09-12T16:08:10Z,
eCw7UAqXA6Y,Prosthetix Shop,TT Ace Wrap Pattern Demo,23,0,2022-11-15T03:58:50Z,
6vGaeobK3SY,Prosthetix Shop,TF Ace Wrap Pattern Demo,27,0,2022-11-15T03:54:12Z,
zemdSM6ozsI,Prosthetix Shop,Prosthetix Shop - New Leg Day (Part II). Destination Prosthetics - Delivery!,84,0,2022-08-03T03:17:28Z,
sqduSBJeZ6Q,Prosthetix Shop,Prosthetix Shop - Adding Foot Tread for Barefoot Walking,505,0,2022-07-18T21:15:00Z,
oo3itMcwgPU,Prosthetix Shop,Prosthetix Shop at Adaptive Sports Medicine Day (Nationwide Children's Hospital) for Adaptive Sports,46,0,2022-05-25T14:28:10Z,
MRHB06wmfuY,Prosthetix Shop,Prosthetix Shop: Driving Directions to the Cincinnati Office,45,0,2021-03-22T14:49:50Z,
Jwy1oy0406I,StepsReimagined,Wheelchairs and stairs don’t mix! #Amputee #Wheelchair,783,0,2025-10-06T05:20:27Z,stairs
1NDtv4FISbQ,StepsReimagined,Prosthetic Fitting - Part 2,443,0,2025-09-09T04:50:39Z,fit
fklbw2W4lOo,StepsReimagined,Mike is on the way to get fitted for his prosthetic! #Amputees #FootAmputation #Prosthetic,125,0,2025-09-09T04:32:09Z,fit
-8vH6doj9ik,StepsReimagined,We finally figured out how to load Mike's power wheelchair to travel #Amputee #PowerWheelchair,758,4,2026-03-17T06:04:47Z,
yzTeBOp56-0,StepsReimagined,Mike got a surprise in the hospital two days after the amputation. It came right on time!! #amputee,104,4,2025-07-31T02:35:21Z,
xGiSuHLRZVM,StepsReimagined,Check out the reaction Mike got wearing his prosthetic for the 1st time to choir rehearsal!#Walking,721,3,2025-10-17T04:21:57Z,
iaELMkOegHA,StepsReimagined,Mike is getting ready for the prosthetic by making sure he gets his exercise in! #Amputee #NewNormal,215,3,2025-09-28T21:21:30Z,
2EqNbgz0rsY,StepsReimagined,Prosthetic Prep and Casting Appointment,2327,3,2025-08-22T05:29:49Z,
VHIfyWd6OpM,StepsReimagined,No more fussing! 😁 Mike is driving just fine with the prosthetic. #DrivingWithProsthetic #Amputee,762,2,2025-11-12T06:03:10Z,
P8FWcWMbqUE,StepsReimagined,Mike said I was walking too slow while he made a few laps through the house! 😂#Prosthetic,728,2,2025-10-08T05:17:45Z,
Jxhl95FwTAc,StepsReimagined,"Mike got some good, unexpected news on this visit! #FootAmputation #Amputee #fypシ",962,2,2025-09-03T06:26:37Z,
L9kO0_V9bR0,StepsReimagined,"Less than a month after the amputation, Mike was back playing at church! #Amputee #Fyp",105,2,2025-08-18T01:24:59Z,
vbVOgg2yQTk,StepsReimagined,Post-op appointment went great! Camera skills are a work in progress! #FootAmputation #Amputation,52,2,2025-08-05T12:32:04Z,
yMnwNP5MeJs,StepsReimagined,"July 28, 2025",252,2,2025-07-29T04:20:35Z,
LjwXSmGEfus,StepsReimagined,Lessons Learned  #1,15,1,2025-10-29T04:51:50Z,
jXUbn6zfQ0M,Sophie Loubet,Ampute ! Put your sleeve correctly to start the day without pain #amp #disability #amputiert,1402,1,2024-12-15T17:07:08Z,pain
-xuMJ6eI0-M,Sophie Loubet,"In my room, the night, advice for amputes. #amp #life #disability #cyborg @ProteorFrance",1987,1,2024-10-29T19:26:36Z,advice
XDCx89b9JQE,Sophie Loubet,Sophie LOUBET - Pau - Désert des Bardenas - Quad - 910kms - Amputée,819,7,2023-05-09T11:32:03Z,
_dq3nttGu-Y,Sophie Loubet,"Walking with a metal leg is very strong, so I prefer ridding #cyborg  #amp #deporteadaptado #giveup",908,5,2024-03-07T17:57:59Z,
cYJQdsogdA8,Sophie Loubet,"Sophie LOUBET - I gave a T-shirt to my orthotist, and this is what he did with it !",254,5,2024-01-09T18:56:52Z,
U3nPu7I42V0,Sophie Loubet,Je fais essayer une prothèse à mes kinésithérapeutes ! 🦿Et ce n’est pas si facile ! #handicap,1288,4,2025-04-24T13:50:47Z,
zzP5xvv_-W0,Sophie Loubet,Not to be reproduced at home ⚠️ !#healthcareworkers #amputada  #amputado #cyborg #bionics #jokes,4877,4,2024-04-14T17:18:39Z,
bGDFjTPOd70,Sophie Loubet,Auto bike/run mode - electronic knee - synsys by @ProteorFrance - Sophie LOUBET #amputada #bike,10222,4,2024-02-25T19:04:33Z,
VM2HCFbsbCE,Sophie Loubet,HANDISPORT mais quel est mon QUOTIDIEN ? #amputea #amputiert #amputada #disability,1716,3,2025-01-24T21:05:36Z,
WGut4wcVwUk,Sophie Loubet,NEW #prosthesis #synsys Demo OT WORLD 2024 #amputada #bionics #oneleg @ProteorFrance,4796,3,2024-06-20T10:13:48Z,
MPWwyJSXk9c,Sophie Loubet,"Sophie LOUBET - Reportage Big Bang Santé @LeFigaro , prothesis #synsys à l’honneur !@ProteorFrance",9690,3,2023-01-14T10:54:01Z,
GHUgVuctQpU,Sophie Loubet,PARAWAKEBOARD : « toujours se mettre des objectifs pour progresser dans la vie» #cyborg #disability,769,2,2024-11-03T21:10:29Z,
LBTjW9LRkx0,Sophie Loubet,Sophie LOUBET - #prosthesisleg #artist beautiful #technology #peterpan #tinkerbell #amputee #amp,4567,2,2023-08-26T18:30:32Z,
rgszru8xcxo,Sophie Loubet,Sophie LOUBET : prothèse mécatronique @MinistèredesArmées et @ProteorFrance,1415,2,2023-06-16T18:07:20Z,
qCsT9ehViTg,Sophie Loubet,Sophie LOUBET : On bicycle with #prosthesisleg #synsys #proteor #newtechnology,2358,2,2023-04-22T13:20:29Z,
1k7gX870R0E,Glamputee's Journey,Just sharing some info about my arm sockets for those who have been asking 😊,263,1,2025-12-23T21:03:31Z,skin|socket
76ouNwAjrtw,Glamputee's Journey,I’m sorry to all of you out there who experience phantom pain 😥 #pain #phantompain,175,0,2025-12-17T19:48:59Z,pain|phantom
QHI6KhKm5wI,Glamputee's Journey,Really?!? Took my second fall! Me and the tile just don’t mix!,716,2,2025-12-23T21:18:41Z,fall
KMEYnLxk9Bk,Glamputee's Journey,Morning update Day 5. What a crappy night. #insomnia #fyp #amputee #pain #revisionsurgery #update,273,1,2025-12-26T20:17:36Z,pain
Arxfd-6zJVw,Glamputee's Journey,Here’s a closer look at my prosthetic arms!,2146,1,2025-12-21T20:04:13Z,prosthetic arm
chGDVIJNwmM,Glamputee's Journey,Heres a close up of how my prosthetic legs attach to my real legs,924,1,2025-12-18T19:54:41Z,prosthetic leg
YD4I-J-i9_A,Glamputee's Journey,Day 2 update…what a hellacious night of pain!!! #amputee,898,0,2025-12-27T20:17:31Z,pain
uGvk3XmUySY,Glamputee's Journey,"Morning day 3…finally got some sleep, but now the pain has returned",2156,0,2025-12-26T20:27:25Z,pain
aHjicLwief4,Glamputee's Journey,Day 8 and 9 updates…pain is becoming more tolerable,295,0,2025-12-25T20:05:55Z,pain
Wu7dwpwIB-s,Glamputee's Journey,8week post op and 3 test socket appointments updates. #amputee,333,0,2025-12-24T20:59:35Z,socket
tcmwuHJLqZE,Glamputee's Journey,Just another life hack for my fellow amputees!,228,0,2025-12-21T19:46:46Z,hack
aEQ-VaVxviU,Glamputee's Journey,"Trust me, it was the softest little boop ever! 😄 #funny #dog",11168,4,2025-12-23T20:47:01Z,
-8VeO4WYcjk,Glamputee's Journey,"These headphones are very easy for me to use, and I won’t be getting tangled up in any wires!",7752,4,2025-12-20T20:16:03Z,
1lFIaT9bq2U,Glamputee's Journey,I love the holidays 🥰 #christmas #christmastok #holidays,2103,4,2025-12-17T19:52:41Z,
J_SYvTscQ0g,Glamputee's Journey,"I love how this has everything all in one place, and it detects my touch!!",2470,3,2025-12-24T20:47:50Z,
q_hd5p99u6A,Counting Steps with Courtney,Physical therapy & Gait training with my new socket for my prosthetic leg! Full video on my channel,2868,12,2026-01-09T17:50:00Z,prosthetic leg|socket
w3FDuGj253I,Counting Steps with Courtney,"Wake up with Me, Coffee, Light Workout on my Residual Limb & Body Preparing for New Socket!",3044,17,2025-12-02T21:51:50Z,socket
ur6ZxlVnkQg,Counting Steps with Courtney,Walking with my prosthetic leg getting ready to get a new knee & ankle! Full video on my channel!,2226,10,2026-02-06T20:45:48Z,prosthetic leg
iv38c23HZBg,Counting Steps with Courtney,"Morning Rant, Quick Shop & Clean!",767,13,2025-12-04T02:58:45Z,
2tqaeWUM6CY,Counting Steps with Courtney,Come clean My Bedroom with Me! #motivation,676,12,2025-12-09T23:44:33Z,
HsTaiUfTqkU,Counting Steps with Courtney,"Demo for my new microprocessor knee, ankle & foot!",11855,10,2026-02-12T18:28:42Z,
H8iUxfz1T1c,Counting Steps with Courtney,Clean & Cook Dinner with Me!,865,10,2026-01-22T13:53:54Z,
SeksT0IwdvE,Counting Steps with Courtney,New Socket for my Prosthetic Leg Appointment Try On! Grocery Shopo & home Depot Trip!,2335,5,2025-12-12T16:47:36Z,prosthetic leg|socket
KQspl22kzCA,Counting Steps with Courtney,Working on walking with my prosthetic leg & new socket!,595,4,2026-01-13T20:26:23Z,prosthetic leg|socket
PYc9wiXOgXA,Counting Steps with Courtney,Check Socket  Fitting Appointment for my Prosthetic,1102,4,2025-12-25T23:00:37Z,fit|socket
XByemHt5gaU,Counting Steps with Courtney,"My Morning, Taking Steps Around the house with my new socket for my Prosthetic Leg!",1482,2,2026-01-13T18:29:34Z,prosthetic leg|socket
62s2iAFT0HE,Counting Steps with Courtney,Clean with Me Using My Prosthetic Leg  & Take down this Christmas Tree! #cleanwithme,1687,9,2026-01-07T22:49:01Z,prosthetic leg
C9fYbF8ZBOA,Counting Steps with Courtney,Buying a New Washer & More Practice Walking with My Prosthetic Leg!,2971,8,2026-01-30T22:47:02Z,prosthetic leg
FJrW6RDw0No,Counting Steps with Courtney,Physical Therapy & Gait Training w. My New Prosthetic Leg! #motivation #artificiallimb,1422,8,2025-12-30T22:07:16Z,prosthetic leg
L9nqs3Te8yI,Counting Steps with Courtney,"Clean and Paint with me, Tackling some home projects!",965,5,2026-02-23T21:03:10Z,pain
WfoD4CIKePo,Egal ob ein Bein,Amputee Woman 2019 |How can one legged lady go up stairs?? |Treppensteigen,106437,84,2019-05-25T07:35:35Z,stairs
3NkmvhvFMFg,Egal ob ein Bein,Amputee Girl With Chubby Stump Tries On New Prosthetic Leg |Amputee woman |Neue Prothese |ลองขาเทียม,58424,47,2019-08-23T17:53:01Z,prosthetic leg
YDCNJrOm7xU,Egal ob ein Bein,I change a new prosthetic leg after 3 Years. Amputee Girl's Vlog |Amputee Woman 2022 on the way,24969,25,2022-10-01T19:22:40Z,prosthetic leg
g9KNJKDqpyc,Egal ob ein Bein,"Kenya isn't just about safaris | Amputee girl's Vlog | Prosthetic Leg, but Make It Chill",4204,15,2025-03-01T12:36:47Z,prosthetic leg
MuMhPhd0gDw,Egal ob ein Bein,Amputee girl explores local street market |Lokaler Markt |Amputee life,121881,51,2019-06-02T17:33:59Z,
3TSyyd4qbi8,Egal ob ein Bein,Amputee girl |Countryside lifestyle |Dorfmädchen |Amputee woman 2019,48417,48,2019-07-18T15:10:06Z,
hvxoXYm0vgQ,Egal ob ein Bein,Amputee girl enjoys paddling |Bein amputiertes Mädchen| countryside style,25672,32,2019-04-21T11:05:01Z,
pLP8o2_muJk,Egal ob ein Bein,Amputee girl as a Tarzan girl |Tarzanmädchen |Amputee woman 2019,26755,31,2019-08-29T17:14:20Z,
omrHTGq613M,Egal ob ein Bein,How I lost my leg? Amputee girl |Short Story Edition| Warum ich nur ein bein habe?,94215,27,2019-04-28T18:16:52Z,
Bv6a4r_yrx0,Egal ob ein Bein,How I Start My Day as an Amputee in Kenya | Amputee's Vlog | One-Legged Vlog | Foreigners in Africa,10033,25,2025-06-22T13:38:16Z,
w2_EUVYqUJo,Egal ob ein Bein,"Escape to Africa, Kenya | Amputee Woman's Vlog | Amputee Girl 2024",6822,22,2024-04-15T05:51:52Z,
QvnpLuP6LaM,Egal ob ein Bein,Amputee girl enjoys rafting on the river |Ich entspanne am Fluss |Amputee woman 2019,25691,21,2019-09-01T17:25:40Z,
nMKcA4k96Y0,Egal ob ein Bein,Swahili Cuisine by the Stunning Mombasa Coast | Amputee Girl's Vlog | Kenya Travel,9610,20,2024-10-17T16:21:15Z,
VUcN2IDxS_c,Egal ob ein Bein,Walking down a steep slope with Rheo Knee XC | Amputee Girl's Vlog| Amputee Woman on the Way 2022,21146,16,2022-10-23T16:39:56Z,
qahIiShi_Kc,Egal ob ein Bein,Trying a Local Salon in Kenya! 🇰🇪 Meine neue Frisur |One Legged Girl's Vlog | Amputee Girl,2679,12,2024-10-16T09:42:36Z,
uu12qRM-KO4,Annika the Amputee,How a Prosthetic Leg Stays Attached,22490,62,2023-08-15T18:26:30Z,prosthetic leg
coln-RDcb5o,Annika the Amputee,Custom Wheelchair Fitting Appointment,16105,38,2024-08-14T19:00:18Z,fit
7OcNkDNvJKY,Annika the Amputee,Stairs with a Prosthetic Limb,8662,36,2023-10-10T21:00:05Z,stairs
TxGzM60B-gk,Annika the Amputee,New & Updated Prosthetic Leg Casting,4303,22,2023-12-14T15:00:21Z,prosthetic leg
osl6qdqEcJ0,Annika the Amputee,Comparing Two Running Blades,5165,22,2022-09-16T22:00:20Z,running
XzA4StSUJog,Annika the Amputee,Painting Toenails on a Prosthetic Foot,5231,22,2022-06-16T15:00:29Z,pain
GXSzZlo2Bg0,Annika the Amputee,The Disney hack they don’t want you to know. #satire,10427,19,2023-07-26T02:03:41Z,hack
kt0pMzSeWno,Annika the Amputee,Changing Sockets,1230,13,2025-06-03T23:00:46Z,socket
yh5_ZOUS0Ks,Annika the Amputee,Painting Fake Toenails on a Fake Foot,2141,12,2024-07-17T23:00:27Z,pain
-cWQYgoSTB0,Annika the Amputee,Different Liners and Liner Care,1006,11,2025-07-02T04:00:01Z,liner
RgBXFxscNLk,Annika the Amputee,Salt Lake City Running Clinic by Hanger,1253,11,2025-05-23T00:00:25Z,running
c84FWX1NpcE,Annika the Amputee,Day in the life of a VERY active Amputee,2548,10,2025-07-04T05:30:30Z,day in the life
MdPV4X-r8is,Annika the Amputee,Clothing as a Below Knee Amputee,16009,99,2022-11-18T21:40:31Z,
QgeZrdeQE9Y,Annika the Amputee,A More Vulnerable Side of Annika,2783,57,2023-08-22T22:22:23Z,
NNEIPxPImJE,Annika the Amputee,Perks of being in a wheelchair on a no leg day #amputee #disabled #wheelchair,50553,57,2022-04-20T16:13:32Z,
